"success","trialid","procedure","trial_type","trial_index","time_elapsed","internal_node_id","stimulus","rt","response","question_order"
"true","Instructions_01","DEMOGR","fullscreen","5","4690","0.0-6.0-0.0","","","",""
"","DEMOGR_01","DEMOGR","survey-text","6","6626","0.0-7.0-0.0","{""Q0"":""Indica tu edad""}","1926","{""Q0"":""25""}",""
"","DEMOGR_02","DEMOGR","survey-multi-choice-vertical","7","7696","0.0-8.0-0.0","{""Q0"":""Indica tu género""}","1067","{""Q0"":"" Femenino""}",""
"","DEMOGR_03","DEMOGR","survey-html-form","8","8686","0.0-9.0-0.0","{""Q0"":""Indica tu correo electrónico personal(enviaremos la giftcard a este email cuando finalices las tareas)""}","987.7999999970198","{""Q0"":""7CSCaN85@gmail.com""}",""
"","DEMOGR_05","DEMOGR","survey-multi-choice-vertical","9","9824","0.0-10.0-0.0","{""Q0"":""¿Tienes algún tipo de daltonismo?""}","1135","{""Q0"":"" Si""}",""
"","DEMOGR_06","DEMOGR","survey-html-form","10","30401","0.0-11.0-0.0","{""Q0"":""Elige del desplegable tu comuna de residencia.""}","20573.80000001192","{""Q0"":""Río Claro""}",""
"","DEMOGR_07","DEMOGR","survey-multi-choice-vertical","11","32979","0.0-12.0-0.0","{""Q0"":""Indica tú nivel de estudios""}","2566","{""Q0"":"" Sin educación formal""}",""
"","DEMOGR_08","DEMOGR","survey-multi-choice-vertical","12","35055","0.0-13.0-0.0","{""Q0"":""¿Qué estas estudiando?""}","2071","{""Q0"":"" Humanidades y Ciencias Sociales""}",""
"","DEMOGR_10","DEMOGR","survey-multi-choice-vertical","13","36497","0.0-15.0-0.0","{""Q0"":""Año completado de tus estudios""}","1438","{""Q0"":"" Tercero""}",""
"","DEMOGR_11","DEMOGR","survey-html-form","14","39916","0.0-16.0-0.0","{""Q0"":""Elige del desplegable la institución educativa a la que asistes. En caso de que no aparezca, introduce el nombre.""}","3416.2000000029802","{""Q0"":""Universidad Miguel de Cervantes""}",""
"","DEMOGR_12","DEMOGR","survey-multi-choice-vertical","15","42218","0.0-17.0-0.0","{""Q0"":""Indica el nivel de estudios de tu madre""}","2296","{""Q0"":"" Básica incompleta""}",""
"","DEMOGR_13","DEMOGR","survey-multi-choice-vertical","16","44390","0.0-18.0-0.0","{""Q0"":""Indica el nivel de estudios de tu padre""}","2160","{""Q0"":"" Básica completa""}",""
"","DEMOGR_14","DEMOGR","survey-multi-choice-vertical","17","46246","0.0-19.0-0.0","{""Q0"":""¿Qué tipo de seguro de salud tienes?""}","1850","{""Q0"":"" FONASA D""}",""
"","DEMOGR_15","DEMOGR","survey-multi-choice-horizontal","18","47564","0.0-20.0-0.0","{""Q0"":""¿Alguna vez has estado embarazada?""}","1312","{""Q0"":"" No""}",""
"","DEMOGR_16","DEMOGR","survey-multi-choice-horizontal","19","48413","0.0-21.0-0.0","{""Q0"":""¿Alguna vez has tenido un parto vaginal o cesarea?""}","847","{""Q0"":"" No""}",""
"","DEMOGR_17","DEMOGR","survey-multi-choice-horizontal","20","49671","0.0-22.0-0.0","{""Q0"":""¿Quieres tener hijos en el futuro?""}","1255","{""Q0"":"" Si""}",""
"","DEMOGR_18","DEMOGR","survey-text","21","51313","0.0-23.0-0.0","{""Q0"":""¿Cuántos hijos(as) te gustaría tener? (0, 1, 2, 3...)""}","1632","{""Q0"":""66""}",""
"","DEMOGR_19","DEMOGR","survey-multi-select","22","53104","0.0-24.0-0.0","{""Q0"":""Indica si alguna de las siguientes personas o grupos ha tenido una cesarea (puedes marcar más de una opción):""}","1785.5","{""Q0"":[""&nbsp;Amigas cercanas""]}","[0]"
