"success","trialid","procedure","trial_type","trial_index","time_elapsed","internal_node_id","stimulus","rt","response","question_order"
"true","Instructions_01","DEMOGR","fullscreen","5","5177","0.0-6.0-0.0","","","",""
"","DEMOGR_01","DEMOGR","survey-text","6","7252","0.0-7.0-0.0","{""Q0"":""Indica tu edad""}","2065","{""Q0"":""50""}",""
"","DEMOGR_02","DEMOGR","survey-multi-choice-vertical","7","8670","0.0-8.0-0.0","{""Q0"":""Indica tu género""}","1415","{""Q0"":"" Masculino""}",""
"","DEMOGR_03","DEMOGR","survey-html-form","8","9760","0.0-9.0-0.0","{""Q0"":""Indica tu correo electrónico personal(enviaremos la giftcard a este email cuando finalices las tareas)""}","1087.7999999970198","{""Q0"":""9NkkV@gmail.com""}",""
"","DEMOGR_05","DEMOGR","survey-multi-choice-vertical","9","10897","0.0-10.0-0.0","{""Q0"":""¿Tienes algún tipo de daltonismo?""}","1134","{""Q0"":"" Si""}",""
"","DEMOGR_06","DEMOGR","survey-html-form","10","25969","0.0-11.0-0.0","{""Q0"":""Elige del desplegable tu comuna de residencia.""}","15067.90000000596","{""Q0"":""General Lagos""}",""
"","DEMOGR_07","DEMOGR","survey-multi-choice-vertical","11","28719","0.0-12.0-0.0","{""Q0"":""Indica tú nivel de estudios""}","2740","{""Q0"":"" Postgrado completa""}",""
"","DEMOGR_08","DEMOGR","survey-multi-choice-vertical","12","30782","0.0-13.0-0.0","{""Q0"":""¿Qué estas estudiando?""}","2057","{""Q0"":"" Otro""}",""
"","DEMOGR_10","DEMOGR","survey-multi-choice-vertical","13","32184","0.0-15.0-0.0","{""Q0"":""Año completado de tus estudios""}","1397","{""Q0"":"" Primero""}",""
"","DEMOGR_11","DEMOGR","survey-html-form","14","36029","0.0-16.0-0.0","{""Q0"":""Elige del desplegable la institución educativa a la que asistes. En caso de que no aparezca, introduce el nombre.""}","3843.5999999940395","{""Q0"":""Universidad Católica Cardenal Silva Henríquez (UCSH)""}",""
"","DEMOGR_12","DEMOGR","survey-multi-choice-vertical","15","38797","0.0-17.0-0.0","{""Q0"":""Indica el nivel de estudios de tu madre""}","2760","{""Q0"":"" Básica incompleta""}",""
"","DEMOGR_13","DEMOGR","survey-multi-choice-vertical","16","41100","0.0-18.0-0.0","{""Q0"":""Indica el nivel de estudios de tu padre""}","2290","{""Q0"":"" Básica incompleta""}",""
"","DEMOGR_14","DEMOGR","survey-multi-choice-vertical","17","42935","0.0-19.0-0.0","{""Q0"":""¿Qué tipo de seguro de salud tienes?""}","1830","{""Q0"":"" FONASA B""}",""
"","DEMOGR_15","DEMOGR","survey-multi-choice-horizontal","18","44596","0.0-20.0-0.0","{""Q0"":""¿Alguna vez has estado embarazada?""}","1646","{""Q0"":"" Si""}",""
"","DEMOGR_16","DEMOGR","survey-multi-choice-horizontal","19","46047","0.0-21.0-0.0","{""Q0"":""¿Alguna vez has tenido un parto vaginal o cesarea?""}","1447","{""Q0"":"" No""}",""
"","DEMOGR_17","DEMOGR","survey-multi-choice-horizontal","20","48017","0.0-22.0-0.0","{""Q0"":""¿Quieres tener hijos en el futuro?""}","1964","{""Q0"":"" No se""}",""
"","DEMOGR_18","DEMOGR","survey-text","21","49619","0.0-23.0-0.0","{""Q0"":""¿Cuántos hijos(as) te gustaría tener? (0, 1, 2, 3...)""}","1594","{""Q0"":""66""}",""
"","DEMOGR_19","DEMOGR","survey-multi-select","22","51474","0.0-24.0-0.0","{""Q0"":""Indica si alguna de las siguientes personas o grupos ha tenido una cesarea (puedes marcar más de una opción):""}","1848.7999999970198","{""Q0"":[""&nbsp;Madre"",""&nbsp;Hermanas"",""&nbsp;Amigas cercanas""]}","[0]"
