"success","trialid","procedure","trial_type","trial_index","time_elapsed","internal_node_id","stimulus","rt","response","question_order"
"true","Instructions_01","DEMOGR","fullscreen","5","5183","0.0-6.0-0.0","","","",""
"","DEMOGR_01","DEMOGR","survey-text","6","7112","0.0-7.0-0.0","{""Q0"":""Indica tu edad""}","1916","{""Q0"":""36""}",""
"","DEMOGR_02","DEMOGR","survey-multi-choice-vertical","7","8410","0.0-8.0-0.0","{""Q0"":""Indica tu género""}","1295","{""Q0"":"" No binario""}",""
"","DEMOGR_03","DEMOGR","survey-html-form","8","9575","0.0-9.0-0.0","{""Q0"":""Indica tu correo electrónico personal(enviaremos la giftcard a este email cuando finalices las tareas)""}","1163.199999988079","{""Q0"":""64KlHSg@gmail.com""}",""
"","DEMOGR_05","DEMOGR","survey-multi-choice-vertical","9","10704","0.0-10.0-0.0","{""Q0"":""¿Tienes algún tipo de daltonismo?""}","1123","{""Q0"":"" Si""}",""
"","DEMOGR_06","DEMOGR","survey-html-form","10","30970","0.0-11.0-0.0","{""Q0"":""Elige del desplegable tu comuna de residencia.""}","20262.60000000894","{""Q0"":""Ranquil""}",""
"","DEMOGR_07","DEMOGR","survey-multi-choice-vertical","11","34194","0.0-12.0-0.0","{""Q0"":""Indica tú nivel de estudios""}","3214","{""Q0"":"" Postgrado completa""}",""
"","DEMOGR_08","DEMOGR","survey-multi-choice-vertical","12","35608","0.0-13.0-0.0","{""Q0"":""¿Qué estas estudiando?""}","1409","{""Q0"":"" Artes""}",""
"","DEMOGR_10","DEMOGR","survey-multi-choice-vertical","13","36978","0.0-15.0-0.0","{""Q0"":""Año completado de tus estudios""}","1367","{""Q0"":"" Segundo""}",""
"","DEMOGR_11","DEMOGR","survey-html-form","14","40297","0.0-16.0-0.0","{""Q0"":""Elige del desplegable la institución educativa a la que asistes. En caso de que no aparezca, introduce el nombre.""}","3316.7000000029802","{""Q0"":""Universidad de Atacama (UDA)""}",""
"","DEMOGR_12","DEMOGR","survey-multi-choice-vertical","15","42583","0.0-17.0-0.0","{""Q0"":""Indica el nivel de estudios de tu madre""}","2280","{""Q0"":"" Universidad incompleta""}",""
"","DEMOGR_13","DEMOGR","survey-multi-choice-vertical","16","45424","0.0-18.0-0.0","{""Q0"":""Indica el nivel de estudios de tu padre""}","2834","{""Q0"":"" Media incompleta""}",""
"","DEMOGR_14","DEMOGR","survey-multi-choice-vertical","17","46798","0.0-19.0-0.0","{""Q0"":""¿Qué tipo de seguro de salud tienes?""}","1366","{""Q0"":"" Isapre""}",""
"","DEMOGR_15","DEMOGR","survey-multi-choice-horizontal","18","47745","0.0-20.0-0.0","{""Q0"":""¿Alguna vez has estado embarazada?""}","945","{""Q0"":"" Si""}",""
"","DEMOGR_16","DEMOGR","survey-multi-choice-horizontal","19","49289","0.0-21.0-0.0","{""Q0"":""¿Alguna vez has tenido un parto vaginal o cesarea?""}","1541","{""Q0"":"" Si""}",""
"","DEMOGR_17","DEMOGR","survey-multi-choice-horizontal","20","51174","0.0-22.0-0.0","{""Q0"":""¿Quieres tener hijos en el futuro?""}","1878","{""Q0"":"" No""}",""
"","DEMOGR_18","DEMOGR","survey-text","21","52732","0.0-23.0-0.0","{""Q0"":""¿Cuántos hijos(as) te gustaría tener? (0, 1, 2, 3...)""}","1548","{""Q0"":""58""}",""
"","DEMOGR_19","DEMOGR","survey-multi-select","22","54023","0.0-24.0-0.0","{""Q0"":""Indica si alguna de las siguientes personas o grupos ha tenido una cesarea (puedes marcar más de una opción):""}","1285","{""Q0"":[""&nbsp;Madre"",""&nbsp;Hermanas"",""&nbsp;Amigas cercanas""]}","[0]"
