"success","trialid","procedure","trial_type","trial_index","time_elapsed","internal_node_id","stimulus","rt","response","question_order"
"true","Instructions_01","DEMOGR","fullscreen","5","4421","0.0-6.0-0.0","","","",""
"","DEMOGR_01","DEMOGR","survey-text","6","6491","0.0-7.0-0.0","{""Q0"":""Indica tu edad""}","2053","{""Q0"":""20""}",""
"","DEMOGR_02","DEMOGR","survey-multi-choice-vertical","7","7784","0.0-8.0-0.0","{""Q0"":""Indica tu género""}","1286","{""Q0"":"" No binario""}",""
"","DEMOGR_03","DEMOGR","survey-html-form","8","8952","0.0-9.0-0.0","{""Q0"":""Indica tu correo electrónico personal(enviaremos la giftcard a este email cuando finalices las tareas)""}","1165.7999999970198","{""Q0"":""Z8qxtWo@gmail.com""}",""
"","DEMOGR_05","DEMOGR","survey-multi-choice-vertical","9","10562","0.0-10.0-0.0","{""Q0"":""¿Tienes algún tipo de daltonismo?""}","1608","{""Q0"":"" No""}",""
"","DEMOGR_06","DEMOGR","survey-html-form","10","30558","0.0-11.0-0.0","{""Q0"":""Elige del desplegable tu comuna de residencia.""}","19992","{""Q0"":""Putaendo""}",""
"","DEMOGR_07","DEMOGR","survey-multi-choice-vertical","11","32924","0.0-12.0-0.0","{""Q0"":""Indica tú nivel de estudios""}","2360","{""Q0"":"" Universidad completa""}",""
"","DEMOGR_08","DEMOGR","survey-multi-choice-vertical","12","34349","0.0-13.0-0.0","{""Q0"":""¿Qué estas estudiando?""}","1421","{""Q0"":"" Ciencias / Ingeniería""}",""
"","DEMOGR_10","DEMOGR","survey-multi-choice-vertical","13","35722","0.0-15.0-0.0","{""Q0"":""Año completado de tus estudios""}","1369","{""Q0"":"" Cuarto""}",""
"","DEMOGR_11","DEMOGR","survey-html-form","14","39113","0.0-16.0-0.0","{""Q0"":""Elige del desplegable la institución educativa a la que asistes. En caso de que no aparezca, introduce el nombre.""}","3389.6000000089407","{""Q0"":""Universidad Católica del Maule (UCM)""}",""
"","DEMOGR_12","DEMOGR","survey-multi-choice-vertical","15","41950","0.0-17.0-0.0","{""Q0"":""Indica el nivel de estudios de tu madre""}","2830","{""Q0"":"" Media incompleta""}",""
"","DEMOGR_13","DEMOGR","survey-multi-choice-vertical","16","44211","0.0-18.0-0.0","{""Q0"":""Indica el nivel de estudios de tu padre""}","2247","{""Q0"":"" Sin educación formal""}",""
"","DEMOGR_14","DEMOGR","survey-multi-choice-vertical","17","46276","0.0-19.0-0.0","{""Q0"":""¿Qué tipo de seguro de salud tienes?""}","2060","{""Q0"":"" Isapre""}",""
"","DEMOGR_15","DEMOGR","survey-multi-choice-horizontal","18","47982","0.0-20.0-0.0","{""Q0"":""¿Alguna vez has estado embarazada?""}","1695","{""Q0"":"" Si""}",""
"","DEMOGR_16","DEMOGR","survey-multi-choice-horizontal","19","49584","0.0-21.0-0.0","{""Q0"":""¿Alguna vez has tenido un parto vaginal o cesarea?""}","1598","{""Q0"":"" No""}",""
"","DEMOGR_17","DEMOGR","survey-multi-choice-horizontal","20","50654","0.0-22.0-0.0","{""Q0"":""¿Quieres tener hijos en el futuro?""}","1061","{""Q0"":"" No se""}",""
"","DEMOGR_18","DEMOGR","survey-text","21","51667","0.0-23.0-0.0","{""Q0"":""¿Cuántos hijos(as) te gustaría tener? (0, 1, 2, 3...)""}","1009","{""Q0"":""34""}",""
"","DEMOGR_19","DEMOGR","survey-multi-select","22","53650","0.0-24.0-0.0","{""Q0"":""Indica si alguna de las siguientes personas o grupos ha tenido una cesarea (puedes marcar más de una opción):""}","1979.9000000059605","{""Q0"":[""&nbsp;Madre"",""&nbsp;Hermanas"",""&nbsp;Amigas cercanas""]}","[0]"
