"success","trialid","procedure","trial_type","trial_index","time_elapsed","internal_node_id","stimulus","rt","response","question_order"
"true","Instructions_01","DEMOGR","fullscreen","5","4614","0.0-6.0-0.0","","","",""
"","DEMOGR_01","DEMOGR","survey-text","6","6764","0.0-7.0-0.0","{""Q0"":""Indica tu edad""}","2142","{""Q0"":""31""}",""
"","DEMOGR_02","DEMOGR","survey-multi-choice-vertical","7","8489","0.0-8.0-0.0","{""Q0"":""Indica tu género""}","1721","{""Q0"":"" Femenino""}",""
"","DEMOGR_03","DEMOGR","survey-html-form","8","9952","0.0-9.0-0.0","{""Q0"":""Indica tu correo electrónico personal(enviaremos la giftcard a este email cuando finalices las tareas)""}","1456.5","{""Q0"":""VZ18R37@gmail.com""}",""
"","DEMOGR_05","DEMOGR","survey-multi-choice-vertical","9","10891","0.0-10.0-0.0","{""Q0"":""¿Tienes algún tipo de daltonismo?""}","937","{""Q0"":"" No""}",""
"","DEMOGR_06","DEMOGR","survey-html-form","10","30913","0.0-11.0-0.0","{""Q0"":""Elige del desplegable tu comuna de residencia.""}","20018.39999999106","{""Q0"":""Cochamó""}",""
"","DEMOGR_07","DEMOGR","survey-multi-choice-vertical","11","33311","0.0-12.0-0.0","{""Q0"":""Indica tú nivel de estudios""}","2390","{""Q0"":"" Media incompleta""}",""
"","DEMOGR_08","DEMOGR","survey-multi-choice-vertical","12","34710","0.0-13.0-0.0","{""Q0"":""¿Qué estas estudiando?""}","1395","{""Q0"":"" Humanidades y Ciencias Sociales""}",""
"","DEMOGR_10","DEMOGR","survey-multi-choice-vertical","13","36096","0.0-15.0-0.0","{""Q0"":""Año completado de tus estudios""}","1383","{""Q0"":"" Primero""}",""
"","DEMOGR_11","DEMOGR","survey-html-form","14","39929","0.0-16.0-0.0","{""Q0"":""Elige del desplegable la institución educativa a la que asistes. En caso de que no aparezca, introduce el nombre.""}","3830.5999999940395","{""Q0"":""Universidad Marítima de Chile""}",""
"","DEMOGR_12","DEMOGR","survey-multi-choice-vertical","15","42606","0.0-17.0-0.0","{""Q0"":""Indica el nivel de estudios de tu madre""}","2664","{""Q0"":"" Magíster o Doctorado completa""}",""
"","DEMOGR_13","DEMOGR","survey-multi-choice-vertical","16","46071","0.0-18.0-0.0","{""Q0"":""Indica el nivel de estudios de tu padre""}","3458","{""Q0"":"" Básica incompleta""}",""
"","DEMOGR_14","DEMOGR","survey-multi-choice-vertical","17","48349","0.0-19.0-0.0","{""Q0"":""¿Qué tipo de seguro de salud tienes?""}","2270","{""Q0"":"" Otros""}",""
"","DEMOGR_15","DEMOGR","survey-multi-choice-horizontal","18","49353","0.0-20.0-0.0","{""Q0"":""¿Alguna vez has estado embarazada?""}","994","{""Q0"":"" No""}",""
"","DEMOGR_16","DEMOGR","survey-multi-choice-horizontal","19","50390","0.0-21.0-0.0","{""Q0"":""¿Alguna vez has tenido un parto vaginal o cesarea?""}","1035","{""Q0"":"" Si""}",""
"","DEMOGR_17","DEMOGR","survey-multi-choice-horizontal","20","51982","0.0-22.0-0.0","{""Q0"":""¿Quieres tener hijos en el futuro?""}","1590","{""Q0"":"" Si""}",""
"","DEMOGR_18","DEMOGR","survey-text","21","53312","0.0-23.0-0.0","{""Q0"":""¿Cuántos hijos(as) te gustaría tener? (0, 1, 2, 3...)""}","1324","{""Q0"":""78""}",""
"","DEMOGR_19","DEMOGR","survey-multi-select","22","54549","0.0-24.0-0.0","{""Q0"":""Indica si alguna de las siguientes personas o grupos ha tenido una cesarea (puedes marcar más de una opción):""}","1232","{""Q0"":[""&nbsp;Amigas cercanas""]}","[0]"
