"view_history","rt","trialid","procedure","trial_type","trial_index","time_elapsed","internal_node_id","stimulus","slider_start","response"
"[{""page_index"":0,""viewing_time"":1338}]","1338","Instructions_01","SBS","instructions","24","57151","0.0-27.0-0.0","","",""
"","1839.7000000029802","SBS_01","SBS","html-slider-response","25","58996","0.0-28.0-0.0","<div class='justified'>1. Existe un Dios todopoderoso, omnisciente y amoroso.</div></br>","0","-4"
"","914.7000000029802","SBS_02","SBS","html-slider-response","26","59912","0.0-29.0-0.0","<div class='justified'>2. Existe un ser espiritual espiritual maligno, a quien podríamos llamar el Diablo.</div></br>","0","-2"
"","781.7000000029802","SBS_03","SBS","html-slider-response","27","60695","0.0-30.0-0.0","<div class='justified'>3. Existen buenos seres espirituales personales, a quienes podríamos llamar ángeles.</div></br>","0","-1"
"","832.6999999880791","SBS_04","SBS","html-slider-response","28","61530","0.0-31.0-0.0","<div class='justified'>4. Existen seres espirituales personales malvados, a quienes podríamos llamar demonios.</div></br>","0","-3"
"","800","SBS_05","SBS","html-slider-response","29","62331","0.0-32.0-0.0","<div class='justified'>5. Los seres humanos tienen almas inmateriales e inmortales.</div></br>","0","2"
"","734.2999999970198","SBS_06","SBS","html-slider-response","30","63066","0.0-33.0-0.0","<div class='justified'>6. Hay un reino espiritual además del físico.</div></br>","0","-2"
"","645.7999999970198","SBS_07","SBS","html-slider-response","31","63713","0.0-34.0-0.0","<div class='justified'>7. Algunas personas irán al cielo cuando mueran.</div></br>","0","1"
"","707.7000000029802","SBS_08","SBS","html-slider-response","32","64422","0.0-35.0-0.0","<div class='justified'>8. Algunas personas irán al infierno cuando mueran.</div></br>","0","-3"
"","619.2000000029802","SBS_09","SBS","html-slider-response","33","65042","0.0-36.0-0.0","<div class='justified'>9. Los milagros, eventos divinamente causados que no tienen una explicación natural, pueden suceder y lo hacen.</div></br>","0","1"
"","624.8999999910593","SBS_10","SBS","html-slider-response","34","65668","0.0-37.0-0.0","<div class='justified'>10. Hay individuos que son mensajeros de Dios y / o pueden prever el futuro.</div></br>","0","-1"
