"success","trialid","procedure","trial_type","trial_index","time_elapsed","internal_node_id","stimulus","rt","response","question_order"
"true","Instructions_01","DEMOGR","fullscreen","5","5227","0.0-6.0-0.0","","","",""
"","DEMOGR_01","DEMOGR","survey-text","6","7564","0.0-7.0-0.0","{""Q0"":""Indica tu edad""}","2332","{""Q0"":""35""}",""
"","DEMOGR_02","DEMOGR","survey-multi-choice-vertical","7","8906","0.0-8.0-0.0","{""Q0"":""Indica tu género""}","1338","{""Q0"":"" No binario""}",""
"","DEMOGR_03","DEMOGR","survey-html-form","8","9991","0.0-9.0-0.0","{""Q0"":""Indica tu correo electrónico personal(enviaremos la giftcard a este email cuando finalices las tareas)""}","1083.0999999940395","{""Q0"":""aLEetaswG6@gmail.com""}",""
"","DEMOGR_05","DEMOGR","survey-multi-choice-vertical","9","11258","0.0-10.0-0.0","{""Q0"":""¿Tienes algún tipo de daltonismo?""}","1263","{""Q0"":"" No""}",""
"","DEMOGR_06","DEMOGR","survey-html-form","10","26685","0.0-11.0-0.0","{""Q0"":""Elige del desplegable tu comuna de residencia.""}","15423.40000000596","{""Q0"":""Caldera""}",""
"","DEMOGR_07","DEMOGR","survey-multi-choice-vertical","11","29063","0.0-12.0-0.0","{""Q0"":""Indica tú nivel de estudios""}","2370","{""Q0"":"" Básica incompleta""}",""
"","DEMOGR_08","DEMOGR","survey-multi-choice-vertical","12","30620","0.0-13.0-0.0","{""Q0"":""¿Qué estas estudiando?""}","1554","{""Q0"":"" Humanidades y Ciencias Sociales""}",""
"","DEMOGR_10","DEMOGR","survey-multi-choice-vertical","13","32238","0.0-15.0-0.0","{""Q0"":""Año completado de tus estudios""}","1614","{""Q0"":"" Segundo""}",""
"","DEMOGR_11","DEMOGR","survey-html-form","14","36651","0.0-16.0-0.0","{""Q0"":""Elige del desplegable la institución educativa a la que asistes. En caso de que no aparezca, introduce el nombre.""}","4410","{""Q0"":""Universidad de Artes, Cs. y Comunicación (UNIACC)""}",""
"","DEMOGR_12","DEMOGR","survey-multi-choice-vertical","15","39115","0.0-17.0-0.0","{""Q0"":""Indica el nivel de estudios de tu madre""}","2449","{""Q0"":"" Básica incompleta""}",""
"","DEMOGR_13","DEMOGR","survey-multi-choice-vertical","16","41534","0.0-18.0-0.0","{""Q0"":""Indica el nivel de estudios de tu padre""}","2412","{""Q0"":"" Centro de Formación Técnica o en Instituto Profesional incompleta""}",""
"","DEMOGR_14","DEMOGR","survey-multi-choice-vertical","17","43346","0.0-19.0-0.0","{""Q0"":""¿Qué tipo de seguro de salud tienes?""}","1806","{""Q0"":"" FONASA B""}",""
"","DEMOGR_15","DEMOGR","survey-multi-choice-horizontal","18","44296","0.0-20.0-0.0","{""Q0"":""¿Alguna vez has estado embarazada?""}","946","{""Q0"":"" Si""}",""
"","DEMOGR_16","DEMOGR","survey-multi-choice-horizontal","19","45315","0.0-21.0-0.0","{""Q0"":""¿Alguna vez has tenido un parto vaginal o cesarea?""}","1012","{""Q0"":"" Si""}",""
"","DEMOGR_17","DEMOGR","survey-multi-choice-horizontal","20","47010","0.0-22.0-0.0","{""Q0"":""¿Quieres tener hijos en el futuro?""}","1692","{""Q0"":"" No""}",""
"","DEMOGR_18","DEMOGR","survey-text","21","48475","0.0-23.0-0.0","{""Q0"":""¿Cuántos hijos(as) te gustaría tener? (0, 1, 2, 3...)""}","1451","{""Q0"":""65""}",""
"","DEMOGR_19","DEMOGR","survey-multi-select","22","50571","0.0-24.0-0.0","{""Q0"":""Indica si alguna de las siguientes personas o grupos ha tenido una cesarea (puedes marcar más de una opción):""}","2090.7000000029802","{""Q0"":[""&nbsp;Hermanas"",""&nbsp;Amigas cercanas""]}","[0]"
