"success","trialid","procedure","trial_type","trial_index","time_elapsed","internal_node_id","stimulus","rt","response","question_order"
"true","Instructions_01","DEMOGR","fullscreen","5","5411","0.0-6.0-0.0","","","",""
"","DEMOGR_01","DEMOGR","survey-text","6","7863","0.0-7.0-0.0","{""Q0"":""Indica tu edad""}","2439","{""Q0"":""19""}",""
"","DEMOGR_02","DEMOGR","survey-multi-choice-vertical","7","9185","0.0-8.0-0.0","{""Q0"":""Indica tu género""}","1316","{""Q0"":"" No binario""}",""
"","DEMOGR_03","DEMOGR","survey-html-form","8","10349","0.0-9.0-0.0","{""Q0"":""Indica tu correo electrónico personal(enviaremos la giftcard a este email cuando finalices las tareas)""}","1161.6000000089407","{""Q0"":""L1uTp3@gmail.com""}",""
"","DEMOGR_05","DEMOGR","survey-multi-choice-vertical","9","11348","0.0-10.0-0.0","{""Q0"":""¿Tienes algún tipo de daltonismo?""}","995","{""Q0"":"" Si""}",""
"","DEMOGR_06","DEMOGR","survey-html-form","10","26301","0.0-11.0-0.0","{""Q0"":""Elige del desplegable tu comuna de residencia.""}","14950.39999999106","{""Q0"":""Curepto""}",""
"","DEMOGR_07","DEMOGR","survey-multi-choice-vertical","11","28935","0.0-12.0-0.0","{""Q0"":""Indica tú nivel de estudios""}","2626","{""Q0"":"" Magíster o Doctorado completa""}",""
"","DEMOGR_08","DEMOGR","survey-multi-choice-vertical","12","30988","0.0-13.0-0.0","{""Q0"":""¿Qué estas estudiando?""}","2048","{""Q0"":"" Humanidades y Ciencias Sociales""}",""
"","DEMOGR_10","DEMOGR","survey-multi-choice-vertical","13","32342","0.0-15.0-0.0","{""Q0"":""Año completado de tus estudios""}","1350","{""Q0"":"" Quinto""}",""
"","DEMOGR_11","DEMOGR","survey-html-form","14","36136","0.0-16.0-0.0","{""Q0"":""Elige del desplegable la institución educativa a la que asistes. En caso de que no aparezca, introduce el nombre.""}","3792","{""Q0"":""Universidad Chileno - Británica de Cultura""}",""
"","DEMOGR_12","DEMOGR","survey-multi-choice-vertical","15","39037","0.0-17.0-0.0","{""Q0"":""Indica el nivel de estudios de tu madre""}","2892","{""Q0"":"" Centro de Formación Técnica o en Instituto Profesional completa""}",""
"","DEMOGR_13","DEMOGR","survey-multi-choice-vertical","16","41325","0.0-18.0-0.0","{""Q0"":""Indica el nivel de estudios de tu padre""}","2274","{""Q0"":"" Media completa""}",""
"","DEMOGR_14","DEMOGR","survey-multi-choice-vertical","17","43209","0.0-19.0-0.0","{""Q0"":""¿Qué tipo de seguro de salud tienes?""}","1881","{""Q0"":"" Otros""}",""
"","DEMOGR_15","DEMOGR","survey-multi-choice-horizontal","18","44831","0.0-20.0-0.0","{""Q0"":""¿Alguna vez has estado embarazada?""}","1611","{""Q0"":"" Si""}",""
"","DEMOGR_16","DEMOGR","survey-multi-choice-horizontal","19","46456","0.0-21.0-0.0","{""Q0"":""¿Alguna vez has tenido un parto vaginal o cesarea?""}","1621","{""Q0"":"" No""}",""
"","DEMOGR_17","DEMOGR","survey-multi-choice-horizontal","20","48374","0.0-22.0-0.0","{""Q0"":""¿Quieres tener hijos en el futuro?""}","1913","{""Q0"":"" Si""}",""
"","DEMOGR_18","DEMOGR","survey-text","21","49953","0.0-23.0-0.0","{""Q0"":""¿Cuántos hijos(as) te gustaría tener? (0, 1, 2, 3...)""}","1570","{""Q0"":""66""}",""
"","DEMOGR_19","DEMOGR","survey-multi-select","22","51748","0.0-24.0-0.0","{""Q0"":""Indica si alguna de las siguientes personas o grupos ha tenido una cesarea (puedes marcar más de una opción):""}","1788.0999999940395","{""Q0"":[""&nbsp;Madre"",""&nbsp;Hermanas"",""&nbsp;Amigas cercanas""]}","[0]"
