"success","trialid","procedure","trial_type","trial_index","time_elapsed","internal_node_id","stimulus","rt","response","question_order"
"true","Instructions_01","DEMOGR","fullscreen","5","5158","0.0-6.0-0.0","","","",""
"","DEMOGR_01","DEMOGR","survey-text","6","7633","0.0-7.0-0.0","{""Q0"":""Indica tu edad""}","2469","{""Q0"":""22""}",""
"","DEMOGR_02","DEMOGR","survey-multi-choice-vertical","7","8889","0.0-8.0-0.0","{""Q0"":""Indica tu género""}","1253","{""Q0"":"" Femenino""}",""
"","DEMOGR_03","DEMOGR","survey-html-form","8","9845","0.0-9.0-0.0","{""Q0"":""Indica tu correo electrónico personal(enviaremos la giftcard a este email cuando finalices las tareas)""}","946.6000000089407","{""Q0"":""nGl1xR5MHb@gmail.com""}",""
"","DEMOGR_05","DEMOGR","survey-multi-choice-vertical","9","10920","0.0-10.0-0.0","{""Q0"":""¿Tienes algún tipo de daltonismo?""}","1073","{""Q0"":"" Si""}",""
"","DEMOGR_06","DEMOGR","survey-html-form","10","26152","0.0-11.0-0.0","{""Q0"":""Elige del desplegable tu comuna de residencia.""}","15229","{""Q0"":""Antofagasta""}",""
"","DEMOGR_07","DEMOGR","survey-multi-choice-vertical","11","29104","0.0-12.0-0.0","{""Q0"":""Indica tú nivel de estudios""}","2941","{""Q0"":"" Media completa""}",""
"","DEMOGR_08","DEMOGR","survey-multi-choice-vertical","12","30999","0.0-13.0-0.0","{""Q0"":""¿Qué estas estudiando?""}","1882","{""Q0"":"" Ciencias / Ingeniería""}",""
"","DEMOGR_10","DEMOGR","survey-multi-choice-vertical","13","32392","0.0-15.0-0.0","{""Q0"":""Año completado de tus estudios""}","1390","{""Q0"":"" Quinto""}",""
"","DEMOGR_11","DEMOGR","survey-html-form","14","36169","0.0-16.0-0.0","{""Q0"":""Elige del desplegable la institución educativa a la que asistes. En caso de que no aparezca, introduce el nombre.""}","3774.5","{""Q0"":""Universidad Católica de la Sma. Concepción (UCSC)""}",""
"","DEMOGR_12","DEMOGR","survey-multi-choice-vertical","15","39318","0.0-17.0-0.0","{""Q0"":""Indica el nivel de estudios de tu madre""}","3141","{""Q0"":"" Media incompleta""}",""
"","DEMOGR_13","DEMOGR","survey-multi-choice-vertical","16","41412","0.0-18.0-0.0","{""Q0"":""Indica el nivel de estudios de tu padre""}","2082","{""Q0"":"" Básica incompleta""}",""
"","DEMOGR_14","DEMOGR","survey-multi-choice-vertical","17","43583","0.0-19.0-0.0","{""Q0"":""¿Qué tipo de seguro de salud tienes?""}","2168","{""Q0"":"" FONASA A""}",""
"","DEMOGR_15","DEMOGR","survey-multi-choice-horizontal","18","45155","0.0-20.0-0.0","{""Q0"":""¿Alguna vez has estado embarazada?""}","1564","{""Q0"":"" No""}",""
"","DEMOGR_16","DEMOGR","survey-multi-choice-horizontal","19","46674","0.0-21.0-0.0","{""Q0"":""¿Alguna vez has tenido un parto vaginal o cesarea?""}","1514","{""Q0"":"" Si""}",""
"","DEMOGR_17","DEMOGR","survey-multi-choice-horizontal","20","48569","0.0-22.0-0.0","{""Q0"":""¿Quieres tener hijos en el futuro?""}","1888","{""Q0"":"" No""}",""
"","DEMOGR_18","DEMOGR","survey-text","21","50137","0.0-23.0-0.0","{""Q0"":""¿Cuántos hijos(as) te gustaría tener? (0, 1, 2, 3...)""}","1556","{""Q0"":""43""}",""
"","DEMOGR_19","DEMOGR","survey-multi-select","22","51684","0.0-24.0-0.0","{""Q0"":""Indica si alguna de las siguientes personas o grupos ha tenido una cesarea (puedes marcar más de una opción):""}","1541.5","{""Q0"":[""&nbsp;Madre""]}","[0]"
