"success","trialid","procedure","trial_type","trial_index","time_elapsed","internal_node_id","stimulus","rt","response","question_order"
"true","Instructions_01","DEMOGR","fullscreen","5","5404","0.0-6.0-0.0","","","",""
"","DEMOGR_01","DEMOGR","survey-text","6","7559","0.0-7.0-0.0","{""Q0"":""Indica tu edad""}","2149","{""Q0"":""29""}",""
"","DEMOGR_02","DEMOGR","survey-multi-choice-vertical","7","8832","0.0-8.0-0.0","{""Q0"":""Indica tu género""}","1267","{""Q0"":"" Femenino""}",""
"","DEMOGR_03","DEMOGR","survey-html-form","8","9957","0.0-9.0-0.0","{""Q0"":""Indica tu correo electrónico personal(enviaremos la giftcard a este email cuando finalices las tareas)""}","1123.5999999940395","{""Q0"":""IzDpkPy@gmail.com""}",""
"","DEMOGR_05","DEMOGR","survey-multi-choice-vertical","9","11116","0.0-10.0-0.0","{""Q0"":""¿Tienes algún tipo de daltonismo?""}","1156","{""Q0"":"" No""}",""
"","DEMOGR_06","DEMOGR","survey-html-form","10","26402","0.0-11.0-0.0","{""Q0"":""Elige del desplegable tu comuna de residencia.""}","15280.79999999702","{""Q0"":""Chile Chico""}",""
"","DEMOGR_07","DEMOGR","survey-multi-choice-vertical","11","28840","0.0-12.0-0.0","{""Q0"":""Indica tú nivel de estudios""}","2426","{""Q0"":"" Sin educación formal""}",""
"","DEMOGR_08","DEMOGR","survey-multi-choice-vertical","12","30372","0.0-13.0-0.0","{""Q0"":""¿Qué estas estudiando?""}","1529","{""Q0"":"" Artes""}",""
"","DEMOGR_10","DEMOGR","survey-multi-choice-vertical","13","32566","0.0-15.0-0.0","{""Q0"":""Año completado de tus estudios""}","2189","{""Q0"":"" Primero""}",""
"","DEMOGR_11","DEMOGR","survey-html-form","14","36405","0.0-16.0-0.0","{""Q0"":""Elige del desplegable la institución educativa a la que asistes. En caso de que no aparezca, introduce el nombre.""}","3834.7999999970198","{""Q0"":""Universidad Miguel de Cervantes""}",""
"","DEMOGR_12","DEMOGR","survey-multi-choice-vertical","15","38731","0.0-17.0-0.0","{""Q0"":""Indica el nivel de estudios de tu madre""}","2321","{""Q0"":"" Universidad incompleta""}",""
"","DEMOGR_13","DEMOGR","survey-multi-choice-vertical","16","41325","0.0-18.0-0.0","{""Q0"":""Indica el nivel de estudios de tu padre""}","2586","{""Q0"":"" Media incompleta""}",""
"","DEMOGR_14","DEMOGR","survey-multi-choice-vertical","17","42820","0.0-19.0-0.0","{""Q0"":""¿Qué tipo de seguro de salud tienes?""}","1487","{""Q0"":"" FONASA B""}",""
"","DEMOGR_15","DEMOGR","survey-multi-choice-horizontal","18","43797","0.0-20.0-0.0","{""Q0"":""¿Alguna vez has estado embarazada?""}","975","{""Q0"":"" No""}",""
"","DEMOGR_16","DEMOGR","survey-multi-choice-horizontal","19","45190","0.0-21.0-0.0","{""Q0"":""¿Alguna vez has tenido un parto vaginal o cesarea?""}","1390","{""Q0"":"" Si""}",""
"","DEMOGR_17","DEMOGR","survey-multi-choice-horizontal","20","46947","0.0-22.0-0.0","{""Q0"":""¿Quieres tener hijos en el futuro?""}","1750","{""Q0"":"" Si""}",""
"","DEMOGR_18","DEMOGR","survey-text","21","48518","0.0-23.0-0.0","{""Q0"":""¿Cuántos hijos(as) te gustaría tener? (0, 1, 2, 3...)""}","1564","{""Q0"":""60""}",""
"","DEMOGR_19","DEMOGR","survey-multi-select","22","50724","0.0-24.0-0.0","{""Q0"":""Indica si alguna de las siguientes personas o grupos ha tenido una cesarea (puedes marcar más de una opción):""}","2198.7000000029802","{""Q0"":[""&nbsp;Madre"",""&nbsp;Hermanas"",""&nbsp;Amigas cercanas""]}","[0]"
