"success","trialid","procedure","trial_type","trial_index","time_elapsed","internal_node_id","stimulus","rt","response","question_order"
"true","Instructions_01","DEMOGR","fullscreen","5","5334","0.0-6.0-0.0","","","",""
"","DEMOGR_01","DEMOGR","survey-text","6","8762","0.0-7.0-0.0","{""Q0"":""Indica tu edad""}","3423","{""Q0"":""36""}",""
"","DEMOGR_02","DEMOGR","survey-multi-choice-vertical","7","10068","0.0-8.0-0.0","{""Q0"":""Indica tu género""}","1302","{""Q0"":"" No binario""}",""
"","DEMOGR_03","DEMOGR","survey-html-form","8","11057","0.0-9.0-0.0","{""Q0"":""Indica tu correo electrónico personal(enviaremos la giftcard a este email cuando finalices las tareas)""}","986.7999999970198","{""Q0"":""64KlHSg@gmail.com""}",""
"","DEMOGR_05","DEMOGR","survey-multi-choice-vertical","9","12052","0.0-10.0-0.0","{""Q0"":""¿Tienes algún tipo de daltonismo?""}","993","{""Q0"":"" Si""}",""
"","DEMOGR_06","DEMOGR","survey-html-form","10","27550","0.0-11.0-0.0","{""Q0"":""Elige del desplegable tu comuna de residencia.""}","15494","{""Q0"":""Ranquil""}",""
"","DEMOGR_07","DEMOGR","survey-multi-choice-vertical","11","30851","0.0-12.0-0.0","{""Q0"":""Indica tú nivel de estudios""}","3293","{""Q0"":"" Postgrado completa""}",""
"","DEMOGR_08","DEMOGR","survey-multi-choice-vertical","12","32164","0.0-13.0-0.0","{""Q0"":""¿Qué estas estudiando?""}","1309","{""Q0"":"" Artes""}",""
"","DEMOGR_10","DEMOGR","survey-multi-choice-vertical","13","33927","0.0-15.0-0.0","{""Q0"":""Año completado de tus estudios""}","1758","{""Q0"":"" Segundo""}",""
"","DEMOGR_11","DEMOGR","survey-html-form","14","37529","0.0-16.0-0.0","{""Q0"":""Elige del desplegable la institución educativa a la que asistes. En caso de que no aparezca, introduce el nombre.""}","3599.8999999910593","{""Q0"":""Universidad de Atacama (UDA)""}",""
"","DEMOGR_12","DEMOGR","survey-multi-choice-vertical","15","40269","0.0-17.0-0.0","{""Q0"":""Indica el nivel de estudios de tu madre""}","2728","{""Q0"":"" Universidad incompleta""}",""
"","DEMOGR_13","DEMOGR","survey-multi-choice-vertical","16","42924","0.0-18.0-0.0","{""Q0"":""Indica el nivel de estudios de tu padre""}","2648","{""Q0"":"" Media incompleta""}",""
"","DEMOGR_14","DEMOGR","survey-multi-choice-vertical","17","45112","0.0-19.0-0.0","{""Q0"":""¿Qué tipo de seguro de salud tienes?""}","2183","{""Q0"":"" Isapre""}",""
"","DEMOGR_15","DEMOGR","survey-multi-choice-horizontal","18","46924","0.0-20.0-0.0","{""Q0"":""¿Alguna vez has estado embarazada?""}","1807","{""Q0"":"" Si""}",""
"","DEMOGR_16","DEMOGR","survey-multi-choice-horizontal","19","48687","0.0-21.0-0.0","{""Q0"":""¿Alguna vez has tenido un parto vaginal o cesarea?""}","1761","{""Q0"":"" Si""}",""
"","DEMOGR_17","DEMOGR","survey-multi-choice-horizontal","20","50589","0.0-22.0-0.0","{""Q0"":""¿Quieres tener hijos en el futuro?""}","1897","{""Q0"":"" No""}",""
"","DEMOGR_18","DEMOGR","survey-text","21","51711","0.0-23.0-0.0","{""Q0"":""¿Cuántos hijos(as) te gustaría tener? (0, 1, 2, 3...)""}","1115","{""Q0"":""58""}",""
"","DEMOGR_19","DEMOGR","survey-multi-select","22","53250","0.0-24.0-0.0","{""Q0"":""Indica si alguna de las siguientes personas o grupos ha tenido una cesarea (puedes marcar más de una opción):""}","1536.7000000029802","{""Q0"":[""&nbsp;Madre"",""&nbsp;Hermanas"",""&nbsp;Amigas cercanas""]}","[0]"
