"success","trialid","procedure","trial_type","trial_index","time_elapsed","internal_node_id","stimulus","rt","response","question_order"
"true","Instructions_01","DEMOGR","fullscreen","5","5406","0.0-6.0-0.0","","","",""
"","DEMOGR_01","DEMOGR","survey-text","6","6994","0.0-7.0-0.0","{""Q0"":""Indica tu edad""}","1581","{""Q0"":""28""}",""
"","DEMOGR_02","DEMOGR","survey-multi-choice-vertical","7","8950","0.0-8.0-0.0","{""Q0"":""Indica tu género""}","1951","{""Q0"":"" Femenino""}",""
"","DEMOGR_03","DEMOGR","survey-html-form","8","10602","0.0-9.0-0.0","{""Q0"":""Indica tu correo electrónico personal(enviaremos la giftcard a este email cuando finalices las tareas)""}","1647.0999999940395","{""Q0"":""MQI9tDx84@gmail.com""}",""
"","DEMOGR_05","DEMOGR","survey-multi-choice-vertical","9","12272","0.0-10.0-0.0","{""Q0"":""¿Tienes algún tipo de daltonismo?""}","1666","{""Q0"":"" No""}",""
"","DEMOGR_06","DEMOGR","survey-html-form","10","30184","0.0-11.0-0.0","{""Q0"":""Elige del desplegable tu comuna de residencia.""}","17906","{""Q0"":""Independencia""}",""
"","DEMOGR_07","DEMOGR","survey-multi-choice-vertical","11","32549","0.0-12.0-0.0","{""Q0"":""Indica tú nivel de estudios""}","2356","{""Q0"":"" Básica completa""}",""
"","DEMOGR_08","DEMOGR","survey-multi-choice-vertical","12","33955","0.0-13.0-0.0","{""Q0"":""¿Qué estas estudiando?""}","1402","{""Q0"":"" Artes""}",""
"","DEMOGR_10","DEMOGR","survey-multi-choice-vertical","13","35447","0.0-15.0-0.0","{""Q0"":""Año completado de tus estudios""}","1487","{""Q0"":"" Quinto""}",""
"","DEMOGR_11","DEMOGR","survey-html-form","14","39414","0.0-16.0-0.0","{""Q0"":""Elige del desplegable la institución educativa a la que asistes. En caso de que no aparezca, introduce el nombre.""}","3962.2000000029802","{""Q0"":""Universidad La República (ULARE)""}",""
"","DEMOGR_12","DEMOGR","survey-multi-choice-vertical","15","43367","0.0-17.0-0.0","{""Q0"":""Indica el nivel de estudios de tu madre""}","3941","{""Q0"":"" Postgrado completa""}",""
"","DEMOGR_13","DEMOGR","survey-multi-choice-vertical","16","46036","0.0-18.0-0.0","{""Q0"":""Indica el nivel de estudios de tu padre""}","2657","{""Q0"":"" Sin educación formal""}",""
"","DEMOGR_14","DEMOGR","survey-multi-choice-vertical","17","47931","0.0-19.0-0.0","{""Q0"":""¿Qué tipo de seguro de salud tienes?""}","1886","{""Q0"":"" FONASA A""}",""
"","DEMOGR_15","DEMOGR","survey-multi-choice-horizontal","18","49277","0.0-20.0-0.0","{""Q0"":""¿Alguna vez has estado embarazada?""}","1341","{""Q0"":"" Si""}",""
"","DEMOGR_16","DEMOGR","survey-multi-choice-horizontal","19","50261","0.0-21.0-0.0","{""Q0"":""¿Alguna vez has tenido un parto vaginal o cesarea?""}","981","{""Q0"":"" No""}",""
"","DEMOGR_17","DEMOGR","survey-multi-choice-horizontal","20","51515","0.0-22.0-0.0","{""Q0"":""¿Quieres tener hijos en el futuro?""}","1251","{""Q0"":"" No se""}",""
"","DEMOGR_18","DEMOGR","survey-text","21","52496","0.0-23.0-0.0","{""Q0"":""¿Cuántos hijos(as) te gustaría tener? (0, 1, 2, 3...)""}","974","{""Q0"":""60""}",""
"","DEMOGR_19","DEMOGR","survey-multi-select","22","53799","0.0-24.0-0.0","{""Q0"":""Indica si alguna de las siguientes personas o grupos ha tenido una cesarea (puedes marcar más de una opción):""}","1296.2999999970198","{""Q0"":[""&nbsp;Hermanas""]}","[0]"
