"success","trialid","procedure","trial_type","trial_index","time_elapsed","internal_node_id","stimulus","rt","response","question_order"
"true","Instructions_01","DEMOGR","fullscreen","5","4397","0.0-6.0-0.0","","","",""
"","DEMOGR_01","DEMOGR","survey-text","6","6571","0.0-7.0-0.0","{""Q0"":""Indica tu edad""}","2168","{""Q0"":""39""}",""
"","DEMOGR_02","DEMOGR","survey-multi-choice-vertical","7","8127","0.0-8.0-0.0","{""Q0"":""Indica tu género""}","1553","{""Q0"":"" Masculino""}",""
"","DEMOGR_03","DEMOGR","survey-html-form","8","9160","0.0-9.0-0.0","{""Q0"":""Indica tu correo electrónico personal(enviaremos la giftcard a este email cuando finalices las tareas)""}","1031.199999988079","{""Q0"":""ENLIEYB@gmail.com""}",""
"","DEMOGR_05","DEMOGR","survey-multi-choice-vertical","9","10359","0.0-10.0-0.0","{""Q0"":""¿Tienes algún tipo de daltonismo?""}","1192","{""Q0"":"" Si""}",""
"","DEMOGR_06","DEMOGR","survey-html-form","10","26247","0.0-11.0-0.0","{""Q0"":""Elige del desplegable tu comuna de residencia.""}","15884.40000000596","{""Q0"":""San Rafael""}",""
"","DEMOGR_07","DEMOGR","survey-multi-choice-vertical","11","28639","0.0-12.0-0.0","{""Q0"":""Indica tú nivel de estudios""}","2386","{""Q0"":"" Básica completa""}",""
"","DEMOGR_08","DEMOGR","survey-multi-choice-vertical","12","30244","0.0-13.0-0.0","{""Q0"":""¿Qué estas estudiando?""}","1600","{""Q0"":"" Ciencias / Ingeniería""}",""
"","DEMOGR_10","DEMOGR","survey-multi-choice-vertical","13","31662","0.0-15.0-0.0","{""Q0"":""Año completado de tus estudios""}","1410","{""Q0"":"" Primero""}",""
"","DEMOGR_11","DEMOGR","survey-html-form","14","35274","0.0-16.0-0.0","{""Q0"":""Elige del desplegable la institución educativa a la que asistes. En caso de que no aparezca, introduce el nombre.""}","3610.7999999970198","{""Q0"":""Universidad Santo Tomás""}",""
"","DEMOGR_12","DEMOGR","survey-multi-choice-vertical","15","38428","0.0-17.0-0.0","{""Q0"":""Indica el nivel de estudios de tu madre""}","3147","{""Q0"":"" Universidad completa""}",""
"","DEMOGR_13","DEMOGR","survey-multi-choice-vertical","16","41014","0.0-18.0-0.0","{""Q0"":""Indica el nivel de estudios de tu padre""}","2579","{""Q0"":"" Centro de Formación Técnica o en Instituto Profesional completa""}",""
"","DEMOGR_14","DEMOGR","survey-multi-choice-vertical","17","42358","0.0-19.0-0.0","{""Q0"":""¿Qué tipo de seguro de salud tienes?""}","1341","{""Q0"":"" FONASA A""}",""
"","DEMOGR_15","DEMOGR","survey-multi-choice-horizontal","18","43334","0.0-20.0-0.0","{""Q0"":""¿Alguna vez has estado embarazada?""}","971","{""Q0"":"" Si""}",""
"","DEMOGR_16","DEMOGR","survey-multi-choice-horizontal","19","44245","0.0-21.0-0.0","{""Q0"":""¿Alguna vez has tenido un parto vaginal o cesarea?""}","909","{""Q0"":"" Si""}",""
"","DEMOGR_17","DEMOGR","survey-multi-choice-horizontal","20","45512","0.0-22.0-0.0","{""Q0"":""¿Quieres tener hijos en el futuro?""}","1265","{""Q0"":"" No se""}",""
"","DEMOGR_18","DEMOGR","survey-text","21","46937","0.0-23.0-0.0","{""Q0"":""¿Cuántos hijos(as) te gustaría tener? (0, 1, 2, 3...)""}","1418","{""Q0"":""52""}",""
"","DEMOGR_19","DEMOGR","survey-multi-select","22","48117","0.0-24.0-0.0","{""Q0"":""Indica si alguna de las siguientes personas o grupos ha tenido una cesarea (puedes marcar más de una opción):""}","1177.1000000089407","{""Q0"":[""&nbsp;Madre"",""&nbsp;Hermanas"",""&nbsp;Amigas cercanas""]}","[0]"
