"success","trialid","procedure","trial_type","trial_index","time_elapsed","internal_node_id","stimulus","rt","response","question_order"
"true","Instructions_01","DEMOGR","fullscreen","5","4903","0.0-6.0-0.0","","","",""
"","DEMOGR_01","DEMOGR","survey-text","6","7611","0.0-7.0-0.0","{""Q0"":""Indica tu edad""}","2688","{""Q0"":""42""}",""
"","DEMOGR_02","DEMOGR","survey-multi-choice-vertical","7","8811","0.0-8.0-0.0","{""Q0"":""Indica tu género""}","1197","{""Q0"":"" No binario""}",""
"","DEMOGR_03","DEMOGR","survey-html-form","8","9874","0.0-9.0-0.0","{""Q0"":""Indica tu correo electrónico personal(enviaremos la giftcard a este email cuando finalices las tareas)""}","1062.300000011921","{""Q0"":""2nY48I@gmail.com""}",""
"","DEMOGR_05","DEMOGR","survey-multi-choice-vertical","9","10984","0.0-10.0-0.0","{""Q0"":""¿Tienes algún tipo de daltonismo?""}","1105","{""Q0"":"" Si""}",""
"","DEMOGR_06","DEMOGR","survey-html-form","10","26501","0.0-11.0-0.0","{""Q0"":""Elige del desplegable tu comuna de residencia.""}","15513.5","{""Q0"":""Osorno""}",""
"","DEMOGR_07","DEMOGR","survey-multi-choice-vertical","11","28894","0.0-12.0-0.0","{""Q0"":""Indica tú nivel de estudios""}","2381","{""Q0"":"" Centro de Formación Técnica o en Instituto Profesional completa""}",""
"","DEMOGR_08","DEMOGR","survey-multi-choice-vertical","12","30495","0.0-13.0-0.0","{""Q0"":""¿Qué estas estudiando?""}","1597","{""Q0"":"" Humanidades y Ciencias Sociales""}",""
"","DEMOGR_10","DEMOGR","survey-multi-choice-vertical","13","31899","0.0-15.0-0.0","{""Q0"":""Año completado de tus estudios""}","1400","{""Q0"":"" Segundo""}",""
"","DEMOGR_11","DEMOGR","survey-html-form","14","36276","0.0-16.0-0.0","{""Q0"":""Elige del desplegable la institución educativa a la que asistes. En caso de que no aparezca, introduce el nombre.""}","4373.899999991059","{""Q0"":""Universidad Católica de Temuco (UCT)""}",""
"","DEMOGR_12","DEMOGR","survey-multi-choice-vertical","15","38969","0.0-17.0-0.0","{""Q0"":""Indica el nivel de estudios de tu madre""}","2681","{""Q0"":"" Postgrado completa""}",""
"","DEMOGR_13","DEMOGR","survey-multi-choice-vertical","16","41141","0.0-18.0-0.0","{""Q0"":""Indica el nivel de estudios de tu padre""}","2165","{""Q0"":"" Magíster o Doctorado incompleta""}",""
"","DEMOGR_14","DEMOGR","survey-multi-choice-vertical","17","43205","0.0-19.0-0.0","{""Q0"":""¿Qué tipo de seguro de salud tienes?""}","2060","{""Q0"":"" Isapre""}",""
"","DEMOGR_15","DEMOGR","survey-multi-choice-horizontal","18","44113","0.0-20.0-0.0","{""Q0"":""¿Alguna vez has estado embarazada?""}","904","{""Q0"":"" No""}",""
"","DEMOGR_16","DEMOGR","survey-multi-choice-horizontal","19","45060","0.0-21.0-0.0","{""Q0"":""¿Alguna vez has tenido un parto vaginal o cesarea?""}","944","{""Q0"":"" Si""}",""
"","DEMOGR_17","DEMOGR","survey-multi-choice-horizontal","20","46612","0.0-22.0-0.0","{""Q0"":""¿Quieres tener hijos en el futuro?""}","1548","{""Q0"":"" No se""}",""
"","DEMOGR_18","DEMOGR","survey-text","21","48143","0.0-23.0-0.0","{""Q0"":""¿Cuántos hijos(as) te gustaría tener? (0, 1, 2, 3...)""}","1521","{""Q0"":""72""}",""
"","DEMOGR_19","DEMOGR","survey-multi-select","22","50100","0.0-24.0-0.0","{""Q0"":""Indica si alguna de las siguientes personas o grupos ha tenido una cesarea (puedes marcar más de una opción):""}","1953.0999999940395","{""Q0"":[""&nbsp;Madre"",""&nbsp;Hermanas""]}","[0]"
