"success","trialid","procedure","trial_type","trial_index","time_elapsed","internal_node_id","stimulus","rt","response","question_order"
"true","Instructions_01","DEMOGR","fullscreen","5","5539","0.0-6.0-0.0","","","",""
"","DEMOGR_01","DEMOGR","survey-text","6","7750","0.0-7.0-0.0","{""Q0"":""Indica tu edad""}","2202","{""Q0"":""21""}",""
"","DEMOGR_02","DEMOGR","survey-multi-choice-vertical","7","9184","0.0-8.0-0.0","{""Q0"":""Indica tu género""}","1431","{""Q0"":"" Femenino""}",""
"","DEMOGR_03","DEMOGR","survey-html-form","8","10390","0.0-9.0-0.0","{""Q0"":""Indica tu correo electrónico personal(enviaremos la giftcard a este email cuando finalices las tareas)""}","1203.4000000059605","{""Q0"":""Gb2IG6WpF@gmail.com""}",""
"","DEMOGR_05","DEMOGR","survey-multi-choice-vertical","9","11472","0.0-10.0-0.0","{""Q0"":""¿Tienes algún tipo de daltonismo?""}","1080","{""Q0"":"" Si""}",""
"","DEMOGR_06","DEMOGR","survey-html-form","10","26591","0.0-11.0-0.0","{""Q0"":""Elige del desplegable tu comuna de residencia.""}","15116.199999988079","{""Q0"":""Chañaral""}",""
"","DEMOGR_07","DEMOGR","survey-multi-choice-vertical","11","29114","0.0-12.0-0.0","{""Q0"":""Indica tú nivel de estudios""}","2514","{""Q0"":"" Media incompleta""}",""
"","DEMOGR_08","DEMOGR","survey-multi-choice-vertical","12","31118","0.0-13.0-0.0","{""Q0"":""¿Qué estas estudiando?""}","1999","{""Q0"":"" Artes""}",""
"","DEMOGR_10","DEMOGR","survey-multi-choice-vertical","13","32687","0.0-15.0-0.0","{""Q0"":""Año completado de tus estudios""}","1563","{""Q0"":"" Iniciada""}",""
"","DEMOGR_11","DEMOGR","survey-html-form","14","36510","0.0-16.0-0.0","{""Q0"":""Elige del desplegable la institución educativa a la que asistes. En caso de que no aparezca, introduce el nombre.""}","3821.5","{""Q0"":""Universidad La República (ULARE)""}",""
"","DEMOGR_12","DEMOGR","survey-multi-choice-vertical","15","38930","0.0-17.0-0.0","{""Q0"":""Indica el nivel de estudios de tu madre""}","2412","{""Q0"":"" Postgrado incompleta""}",""
"","DEMOGR_13","DEMOGR","survey-multi-choice-vertical","16","41640","0.0-18.0-0.0","{""Q0"":""Indica el nivel de estudios de tu padre""}","2701","{""Q0"":"" Universidad incompleta""}",""
"","DEMOGR_14","DEMOGR","survey-multi-choice-vertical","17","43002","0.0-19.0-0.0","{""Q0"":""¿Qué tipo de seguro de salud tienes?""}","1358","{""Q0"":"" FONASA C""}",""
"","DEMOGR_15","DEMOGR","survey-multi-choice-horizontal","18","44722","0.0-20.0-0.0","{""Q0"":""¿Alguna vez has estado embarazada?""}","1716","{""Q0"":"" Si""}",""
"","DEMOGR_16","DEMOGR","survey-multi-choice-horizontal","19","46204","0.0-21.0-0.0","{""Q0"":""¿Alguna vez has tenido un parto vaginal o cesarea?""}","1478","{""Q0"":"" No""}",""
"","DEMOGR_17","DEMOGR","survey-multi-choice-horizontal","20","48067","0.0-22.0-0.0","{""Q0"":""¿Quieres tener hijos en el futuro?""}","1859","{""Q0"":"" No se""}",""
"","DEMOGR_18","DEMOGR","survey-text","21","49819","0.0-23.0-0.0","{""Q0"":""¿Cuántos hijos(as) te gustaría tener? (0, 1, 2, 3...)""}","1746","{""Q0"":""15""}",""
"","DEMOGR_19","DEMOGR","survey-multi-select","22","51742","0.0-24.0-0.0","{""Q0"":""Indica si alguna de las siguientes personas o grupos ha tenido una cesarea (puedes marcar más de una opción):""}","1916.5","{""Q0"":[""&nbsp;Madre""]}","[0]"
