"success","trialid","procedure","trial_type","trial_index","time_elapsed","internal_node_id","stimulus","rt","response","question_order"
"true","Instructions_01","DEMOGR","fullscreen","5","5320","0.0-6.0-0.0","","","",""
"","DEMOGR_01","DEMOGR","survey-text","6","7668","0.0-7.0-0.0","{""Q0"":""Indica tu edad""}","2343","{""Q0"":""18""}",""
"","DEMOGR_02","DEMOGR","survey-multi-choice-vertical","7","9264","0.0-8.0-0.0","{""Q0"":""Indica tu género""}","1593","{""Q0"":"" Masculino""}",""
"","DEMOGR_03","DEMOGR","survey-html-form","8","10386","0.0-9.0-0.0","{""Q0"":""Indica tu correo electrónico personal(enviaremos la giftcard a este email cuando finalices las tareas)""}","1119.2999999970198","{""Q0"":""Mewgsu9xUV@gmail.com""}",""
"","DEMOGR_05","DEMOGR","survey-multi-choice-vertical","9","11532","0.0-10.0-0.0","{""Q0"":""¿Tienes algún tipo de daltonismo?""}","1141","{""Q0"":"" No""}",""
"","DEMOGR_06","DEMOGR","survey-html-form","10","26505","0.0-11.0-0.0","{""Q0"":""Elige del desplegable tu comuna de residencia.""}","14967","{""Q0"":""Arauco""}",""
"","DEMOGR_07","DEMOGR","survey-multi-choice-vertical","11","29274","0.0-12.0-0.0","{""Q0"":""Indica tú nivel de estudios""}","2759","{""Q0"":"" Básica incompleta""}",""
"","DEMOGR_08","DEMOGR","survey-multi-choice-vertical","12","31704","0.0-13.0-0.0","{""Q0"":""¿Qué estas estudiando?""}","2423","{""Q0"":"" Otro""}",""
"","DEMOGR_10","DEMOGR","survey-multi-choice-vertical","13","33089","0.0-15.0-0.0","{""Q0"":""Año completado de tus estudios""}","1379","{""Q0"":"" Segundo""}",""
"","DEMOGR_11","DEMOGR","survey-html-form","14","36881","0.0-16.0-0.0","{""Q0"":""Elige del desplegable la institución educativa a la que asistes. En caso de que no aparezca, introduce el nombre.""}","3790.2999999970198","{""Q0"":""Universidad Autónoma de Chile (UAS)""}",""
"","DEMOGR_12","DEMOGR","survey-multi-choice-vertical","15","39614","0.0-17.0-0.0","{""Q0"":""Indica el nivel de estudios de tu madre""}","2726","{""Q0"":"" Media completa""}",""
"","DEMOGR_13","DEMOGR","survey-multi-choice-vertical","16","41941","0.0-18.0-0.0","{""Q0"":""Indica el nivel de estudios de tu padre""}","2309","{""Q0"":"" Centro de Formación Técnica o en Instituto Profesional incompleta""}",""
"","DEMOGR_14","DEMOGR","survey-multi-choice-vertical","17","43807","0.0-19.0-0.0","{""Q0"":""¿Qué tipo de seguro de salud tienes?""}","1862","{""Q0"":"" FONASA D""}",""
"","DEMOGR_15","DEMOGR","survey-multi-choice-horizontal","18","45404","0.0-20.0-0.0","{""Q0"":""¿Alguna vez has estado embarazada?""}","1588","{""Q0"":"" No""}",""
"","DEMOGR_16","DEMOGR","survey-multi-choice-horizontal","19","46849","0.0-21.0-0.0","{""Q0"":""¿Alguna vez has tenido un parto vaginal o cesarea?""}","1441","{""Q0"":"" Si""}",""
"","DEMOGR_17","DEMOGR","survey-multi-choice-horizontal","20","48802","0.0-22.0-0.0","{""Q0"":""¿Quieres tener hijos en el futuro?""}","1948","{""Q0"":"" No""}",""
"","DEMOGR_18","DEMOGR","survey-text","21","50414","0.0-23.0-0.0","{""Q0"":""¿Cuántos hijos(as) te gustaría tener? (0, 1, 2, 3...)""}","1601","{""Q0"":""52""}",""
"","DEMOGR_19","DEMOGR","survey-multi-select","22","52366","0.0-24.0-0.0","{""Q0"":""Indica si alguna de las siguientes personas o grupos ha tenido una cesarea (puedes marcar más de una opción):""}","1947.2000000029802","{""Q0"":[""&nbsp;Madre"",""&nbsp;Hermanas"",""&nbsp;Amigas cercanas""]}","[0]"
