"success","trialid","procedure","trial_type","trial_index","time_elapsed","internal_node_id","stimulus","rt","response","question_order"
"true","Instructions_01","DEMOGR","fullscreen","5","5261","0.0-6.0-0.0","","","",""
"","DEMOGR_01","DEMOGR","survey-text","6","7728","0.0-7.0-0.0","{""Q0"":""Indica tu edad""}","2455","{""Q0"":""24""}",""
"","DEMOGR_02","DEMOGR","survey-multi-choice-vertical","7","9014","0.0-8.0-0.0","{""Q0"":""Indica tu género""}","1281","{""Q0"":"" Masculino""}",""
"","DEMOGR_03","DEMOGR","survey-html-form","8","10111","0.0-9.0-0.0","{""Q0"":""Indica tu correo electrónico personal(enviaremos la giftcard a este email cuando finalices las tareas)""}","1095.2000000029802","{""Q0"":""ClV2he2@gmail.com""}",""
"","DEMOGR_05","DEMOGR","survey-multi-choice-vertical","9","11252","0.0-10.0-0.0","{""Q0"":""¿Tienes algún tipo de daltonismo?""}","1139","{""Q0"":"" No""}",""
"","DEMOGR_06","DEMOGR","survey-html-form","10","26691","0.0-11.0-0.0","{""Q0"":""Elige del desplegable tu comuna de residencia.""}","15435.70000000298","{""Q0"":""Máfil""}",""
"","DEMOGR_07","DEMOGR","survey-multi-choice-vertical","11","29067","0.0-12.0-0.0","{""Q0"":""Indica tú nivel de estudios""}","2368","{""Q0"":"" Básica completa""}",""
"","DEMOGR_08","DEMOGR","survey-multi-choice-vertical","12","30572","0.0-13.0-0.0","{""Q0"":""¿Qué estas estudiando?""}","1501","{""Q0"":"" Negocios / Comercio""}",""
"","DEMOGR_10","DEMOGR","survey-multi-choice-vertical","13","32315","0.0-15.0-0.0","{""Q0"":""Año completado de tus estudios""}","1739","{""Q0"":"" Primero""}",""
"","DEMOGR_11","DEMOGR","survey-html-form","14","36634","0.0-16.0-0.0","{""Q0"":""Elige del desplegable la institución educativa a la que asistes. En caso de que no aparezca, introduce el nombre.""}","4315.0999999940395","{""Q0"":""Universidad Central de Chile (UCENTRAL)""}",""
"","DEMOGR_12","DEMOGR","survey-multi-choice-vertical","15","38944","0.0-17.0-0.0","{""Q0"":""Indica el nivel de estudios de tu madre""}","2302","{""Q0"":"" Media incompleta""}",""
"","DEMOGR_13","DEMOGR","survey-multi-choice-vertical","16","41227","0.0-18.0-0.0","{""Q0"":""Indica el nivel de estudios de tu padre""}","2269","{""Q0"":"" Centro de Formación Técnica o en Instituto Profesional completa""}",""
"","DEMOGR_14","DEMOGR","survey-multi-choice-vertical","17","43054","0.0-19.0-0.0","{""Q0"":""¿Qué tipo de seguro de salud tienes?""}","1821","{""Q0"":"" FONASA D""}",""
"","DEMOGR_15","DEMOGR","survey-multi-choice-horizontal","18","44036","0.0-20.0-0.0","{""Q0"":""¿Alguna vez has estado embarazada?""}","976","{""Q0"":"" No""}",""
"","DEMOGR_16","DEMOGR","survey-multi-choice-horizontal","19","45121","0.0-21.0-0.0","{""Q0"":""¿Alguna vez has tenido un parto vaginal o cesarea?""}","1083","{""Q0"":"" Si""}",""
"","DEMOGR_17","DEMOGR","survey-multi-choice-horizontal","20","46917","0.0-22.0-0.0","{""Q0"":""¿Quieres tener hijos en el futuro?""}","1789","{""Q0"":"" No""}",""
"","DEMOGR_18","DEMOGR","survey-text","21","48328","0.0-23.0-0.0","{""Q0"":""¿Cuántos hijos(as) te gustaría tener? (0, 1, 2, 3...)""}","1405","{""Q0"":""61""}",""
"","DEMOGR_19","DEMOGR","survey-multi-select","22","50512","0.0-24.0-0.0","{""Q0"":""Indica si alguna de las siguientes personas o grupos ha tenido una cesarea (puedes marcar más de una opción):""}","2177.1000000089407","{""Q0"":[""&nbsp;Hermanas"",""&nbsp;Amigas cercanas""]}","[0]"
