"success","trialid","procedure","trial_type","trial_index","time_elapsed","internal_node_id","stimulus","rt","response","question_order"
"true","Instructions_01","DEMOGR","fullscreen","5","5324","0.0-6.0-0.0","","","",""
"","DEMOGR_01","DEMOGR","survey-text","6","6971","0.0-7.0-0.0","{""Q0"":""Indica tu edad""}","1628","{""Q0"":""18""}",""
"","DEMOGR_02","DEMOGR","survey-multi-choice-vertical","7","8796","0.0-8.0-0.0","{""Q0"":""Indica tu género""}","1822","{""Q0"":"" Femenino""}",""
"","DEMOGR_03","DEMOGR","survey-html-form","8","10439","0.0-9.0-0.0","{""Q0"":""Indica tu correo electrónico personal(enviaremos la giftcard a este email cuando finalices las tareas)""}","1640.2000000029802","{""Q0"":""QQwSp@gmail.com""}",""
"","DEMOGR_05","DEMOGR","survey-multi-choice-vertical","9","12262","0.0-10.0-0.0","{""Q0"":""¿Tienes algún tipo de daltonismo?""}","1818","{""Q0"":"" No""}",""
"","DEMOGR_06","DEMOGR","survey-html-form","10","30103","0.0-11.0-0.0","{""Q0"":""Elige del desplegable tu comuna de residencia.""}","17834.79999999702","{""Q0"":""Calbuco""}",""
"","DEMOGR_07","DEMOGR","survey-multi-choice-vertical","11","32476","0.0-12.0-0.0","{""Q0"":""Indica tú nivel de estudios""}","2367","{""Q0"":"" Universidad incompleta""}",""
"","DEMOGR_08","DEMOGR","survey-multi-choice-vertical","12","33884","0.0-13.0-0.0","{""Q0"":""¿Qué estas estudiando?""}","1404","{""Q0"":"" Ciencias / Ingeniería""}",""
"","DEMOGR_10","DEMOGR","survey-multi-choice-vertical","13","35350","0.0-15.0-0.0","{""Q0"":""Año completado de tus estudios""}","1464","{""Q0"":"" Cuarto""}",""
"","DEMOGR_11","DEMOGR","survey-html-form","14","39449","0.0-16.0-0.0","{""Q0"":""Elige del desplegable la institución educativa a la que asistes. En caso de que no aparezca, introduce el nombre.""}","4097.600000008941","{""Q0"":""Universidad Católica del Maule (UCM)""}",""
"","DEMOGR_12","DEMOGR","survey-multi-choice-vertical","15","43302","0.0-17.0-0.0","{""Q0"":""Indica el nivel de estudios de tu madre""}","3845","{""Q0"":"" Postgrado completa""}",""
"","DEMOGR_13","DEMOGR","survey-multi-choice-vertical","16","45986","0.0-18.0-0.0","{""Q0"":""Indica el nivel de estudios de tu padre""}","2668","{""Q0"":"" Universidad completa""}",""
"","DEMOGR_14","DEMOGR","survey-multi-choice-vertical","17","47826","0.0-19.0-0.0","{""Q0"":""¿Qué tipo de seguro de salud tienes?""}","1837","{""Q0"":"" FONASA B""}",""
"","DEMOGR_15","DEMOGR","survey-multi-choice-horizontal","18","49318","0.0-20.0-0.0","{""Q0"":""¿Alguna vez has estado embarazada?""}","1486","{""Q0"":"" Si""}",""
"","DEMOGR_16","DEMOGR","survey-multi-choice-horizontal","19","50267","0.0-21.0-0.0","{""Q0"":""¿Alguna vez has tenido un parto vaginal o cesarea?""}","948","{""Q0"":"" No""}",""
"","DEMOGR_17","DEMOGR","survey-multi-choice-horizontal","20","51423","0.0-22.0-0.0","{""Q0"":""¿Quieres tener hijos en el futuro?""}","1153","{""Q0"":"" No""}",""
"","DEMOGR_18","DEMOGR","survey-text","21","52361","0.0-23.0-0.0","{""Q0"":""¿Cuántos hijos(as) te gustaría tener? (0, 1, 2, 3...)""}","933","{""Q0"":""51""}",""
"","DEMOGR_19","DEMOGR","survey-multi-select","22","53611","0.0-24.0-0.0","{""Q0"":""Indica si alguna de las siguientes personas o grupos ha tenido una cesarea (puedes marcar más de una opción):""}","1246.9000000059605","{""Q0"":[""&nbsp;Madre""]}","[0]"
