"success","trialid","procedure","trial_type","trial_index","time_elapsed","internal_node_id","stimulus","rt","response","question_order"
"true","Instructions_01","DEMOGR","fullscreen","5","4508","0.0-6.0-0.0","","","",""
"","DEMOGR_01","DEMOGR","survey-text","6","6609","0.0-7.0-0.0","{""Q0"":""Indica tu edad""}","2093","{""Q0"":""28""}",""
"","DEMOGR_02","DEMOGR","survey-multi-choice-vertical","7","8006","0.0-8.0-0.0","{""Q0"":""Indica tu género""}","1393","{""Q0"":"" Femenino""}",""
"","DEMOGR_03","DEMOGR","survey-html-form","8","9423","0.0-9.0-0.0","{""Q0"":""Indica tu correo electrónico personal(enviaremos la giftcard a este email cuando finalices las tareas)""}","1408","{""Q0"":""hJXgVBsO@gmail.com""}",""
"","DEMOGR_05","DEMOGR","survey-multi-choice-vertical","9","10950","0.0-10.0-0.0","{""Q0"":""¿Tienes algún tipo de daltonismo?""}","1522","{""Q0"":"" Si""}",""
"","DEMOGR_06","DEMOGR","survey-html-form","10","30935","0.0-11.0-0.0","{""Q0"":""Elige del desplegable tu comuna de residencia.""}","19980.80000001192","{""Q0"":""Calbuco""}",""
"","DEMOGR_07","DEMOGR","survey-multi-choice-vertical","11","33393","0.0-12.0-0.0","{""Q0"":""Indica tú nivel de estudios""}","2450","{""Q0"":"" Básica completa""}",""
"","DEMOGR_08","DEMOGR","survey-multi-choice-vertical","12","34776","0.0-13.0-0.0","{""Q0"":""¿Qué estas estudiando?""}","1379","{""Q0"":"" Negocios / Comercio""}",""
"","DEMOGR_10","DEMOGR","survey-multi-choice-vertical","13","36110","0.0-15.0-0.0","{""Q0"":""Año completado de tus estudios""}","1330","{""Q0"":"" Segundo""}",""
"","DEMOGR_11","DEMOGR","survey-html-form","14","39552","0.0-16.0-0.0","{""Q0"":""Elige del desplegable la institución educativa a la que asistes. En caso de que no aparezca, introduce el nombre.""}","3441","{""Q0"":""Universidad Miguel de Cervantes""}",""
"","DEMOGR_12","DEMOGR","survey-multi-choice-vertical","15","42594","0.0-17.0-0.0","{""Q0"":""Indica el nivel de estudios de tu madre""}","3028","{""Q0"":"" Sin educación formal""}",""
"","DEMOGR_13","DEMOGR","survey-multi-choice-vertical","16","44930","0.0-18.0-0.0","{""Q0"":""Indica el nivel de estudios de tu padre""}","2330","{""Q0"":"" Universidad completa""}",""
"","DEMOGR_14","DEMOGR","survey-multi-choice-vertical","17","47202","0.0-19.0-0.0","{""Q0"":""¿Qué tipo de seguro de salud tienes?""}","2267","{""Q0"":"" FONASA A""}",""
"","DEMOGR_15","DEMOGR","survey-multi-choice-horizontal","18","48855","0.0-20.0-0.0","{""Q0"":""¿Alguna vez has estado embarazada?""}","1642","{""Q0"":"" No""}",""
"","DEMOGR_16","DEMOGR","survey-multi-choice-horizontal","19","50010","0.0-21.0-0.0","{""Q0"":""¿Alguna vez has tenido un parto vaginal o cesarea?""}","1152","{""Q0"":"" Si""}",""
"","DEMOGR_17","DEMOGR","survey-multi-choice-horizontal","20","51174","0.0-22.0-0.0","{""Q0"":""¿Quieres tener hijos en el futuro?""}","1162","{""Q0"":"" No se""}",""
"","DEMOGR_18","DEMOGR","survey-text","21","52395","0.0-23.0-0.0","{""Q0"":""¿Cuántos hijos(as) te gustaría tener? (0, 1, 2, 3...)""}","1216","{""Q0"":""62""}",""
"","DEMOGR_19","DEMOGR","survey-multi-select","22","54181","0.0-24.0-0.0","{""Q0"":""Indica si alguna de las siguientes personas o grupos ha tenido una cesarea (puedes marcar más de una opción):""}","1781.5","{""Q0"":[""&nbsp;Madre"",""&nbsp;Hermanas"",""&nbsp;Amigas cercanas""]}","[0]"
