"success","trialid","procedure","trial_type","trial_index","time_elapsed","internal_node_id","stimulus","rt","response","question_order"
"true","Instructions_01","DEMOGR","fullscreen","5","4736","0.0-6.0-0.0","","","",""
"","DEMOGR_01","DEMOGR","survey-text","6","6969","0.0-7.0-0.0","{""Q0"":""Indica tu edad""}","2226","{""Q0"":""27""}",""
"","DEMOGR_02","DEMOGR","survey-multi-choice-vertical","7","8842","0.0-8.0-0.0","{""Q0"":""Indica tu género""}","1869","{""Q0"":"" Masculino""}",""
"","DEMOGR_03","DEMOGR","survey-html-form","8","9783","0.0-9.0-0.0","{""Q0"":""Indica tu correo electrónico personal(enviaremos la giftcard a este email cuando finalices las tareas)""}","938.8000000119209","{""Q0"":""HpdWj8ehS@gmail.com""}",""
"","DEMOGR_05","DEMOGR","survey-multi-choice-vertical","9","11301","0.0-10.0-0.0","{""Q0"":""¿Tienes algún tipo de daltonismo?""}","1516","{""Q0"":"" Si""}",""
"","DEMOGR_06","DEMOGR","survey-html-form","10","30664","0.0-11.0-0.0","{""Q0"":""Elige del desplegable tu comuna de residencia.""}","19357.60000000894","{""Q0"":""Collipulli""}",""
"","DEMOGR_07","DEMOGR","survey-multi-choice-vertical","11","33010","0.0-12.0-0.0","{""Q0"":""Indica tú nivel de estudios""}","2339","{""Q0"":"" Postgrado incompleta""}",""
"","DEMOGR_08","DEMOGR","survey-multi-choice-vertical","12","34368","0.0-13.0-0.0","{""Q0"":""¿Qué estas estudiando?""}","1354","{""Q0"":"" Ciencias de la salud""}",""
"","DEMOGR_10","DEMOGR","survey-multi-choice-vertical","13","35747","0.0-15.0-0.0","{""Q0"":""Año completado de tus estudios""}","1375","{""Q0"":"" Primero""}",""
"","DEMOGR_11","DEMOGR","survey-html-form","14","39960","0.0-16.0-0.0","{""Q0"":""Elige del desplegable la institución educativa a la que asistes. En caso de que no aparezca, introduce el nombre.""}","4209.5","{""Q0"":""Universidad de Aconcagua""}",""
"","DEMOGR_12","DEMOGR","survey-multi-choice-vertical","15","42288","0.0-17.0-0.0","{""Q0"":""Indica el nivel de estudios de tu madre""}","2315","{""Q0"":"" Básica completa""}",""
"","DEMOGR_13","DEMOGR","survey-multi-choice-vertical","16","45856","0.0-18.0-0.0","{""Q0"":""Indica el nivel de estudios de tu padre""}","3553","{""Q0"":"" Magíster o Doctorado completa""}",""
"","DEMOGR_14","DEMOGR","survey-multi-choice-vertical","17","47828","0.0-19.0-0.0","{""Q0"":""¿Qué tipo de seguro de salud tienes?""}","1962","{""Q0"":"" FONASA A""}",""
"","DEMOGR_15","DEMOGR","survey-multi-choice-horizontal","18","48902","0.0-20.0-0.0","{""Q0"":""¿Alguna vez has estado embarazada?""}","1071","{""Q0"":"" No""}",""
"","DEMOGR_16","DEMOGR","survey-multi-choice-horizontal","19","50183","0.0-21.0-0.0","{""Q0"":""¿Alguna vez has tenido un parto vaginal o cesarea?""}","1278","{""Q0"":"" No""}",""
"","DEMOGR_17","DEMOGR","survey-multi-choice-horizontal","20","51763","0.0-22.0-0.0","{""Q0"":""¿Quieres tener hijos en el futuro?""}","1577","{""Q0"":"" No se""}",""
"","DEMOGR_18","DEMOGR","survey-text","21","52763","0.0-23.0-0.0","{""Q0"":""¿Cuántos hijos(as) te gustaría tener? (0, 1, 2, 3...)""}","993","{""Q0"":""57""}",""
"","DEMOGR_19","DEMOGR","survey-multi-select","22","54078","0.0-24.0-0.0","{""Q0"":""Indica si alguna de las siguientes personas o grupos ha tenido una cesarea (puedes marcar más de una opción):""}","1310.5999999940395","{""Q0"":[""&nbsp;Madre"",""&nbsp;Hermanas""]}","[0]"
