"success","trialid","procedure","trial_type","trial_index","time_elapsed","internal_node_id","stimulus","rt","response","question_order"
"true","Instructions_01","DEMOGR","fullscreen","5","4534","0.0-6.0-0.0","","","",""
"","DEMOGR_01","DEMOGR","survey-text","6","6613","0.0-7.0-0.0","{""Q0"":""Indica tu edad""}","2069","{""Q0"":""19""}",""
"","DEMOGR_02","DEMOGR","survey-multi-choice-vertical","7","8071","0.0-8.0-0.0","{""Q0"":""Indica tu género""}","1450","{""Q0"":"" No binario""}",""
"","DEMOGR_03","DEMOGR","survey-html-form","8","9563","0.0-9.0-0.0","{""Q0"":""Indica tu correo electrónico personal(enviaremos la giftcard a este email cuando finalices las tareas)""}","1489.7000000029802","{""Q0"":""snJTnjLf@gmail.com""}",""
"","DEMOGR_05","DEMOGR","survey-multi-choice-vertical","9","10643","0.0-10.0-0.0","{""Q0"":""¿Tienes algún tipo de daltonismo?""}","1077","{""Q0"":"" No""}",""
"","DEMOGR_06","DEMOGR","survey-html-form","10","30660","0.0-11.0-0.0","{""Q0"":""Elige del desplegable tu comuna de residencia.""}","20013.20000000298","{""Q0"":""Perquenco""}",""
"","DEMOGR_07","DEMOGR","survey-multi-choice-vertical","11","33162","0.0-12.0-0.0","{""Q0"":""Indica tú nivel de estudios""}","2495","{""Q0"":"" Postgrado completa""}",""
"","DEMOGR_08","DEMOGR","survey-multi-choice-vertical","12","34539","0.0-13.0-0.0","{""Q0"":""¿Qué estas estudiando?""}","1374","{""Q0"":"" Artes""}",""
"","DEMOGR_10","DEMOGR","survey-multi-choice-vertical","13","35933","0.0-15.0-0.0","{""Q0"":""Año completado de tus estudios""}","1390","{""Q0"":"" Quinto""}",""
"","DEMOGR_11","DEMOGR","survey-html-form","14","39330","0.0-16.0-0.0","{""Q0"":""Elige del desplegable la institución educativa a la que asistes. En caso de que no aparezca, introduce el nombre.""}","3395.2999999970198","{""Q0"":""Universidad Miguel de Cervantes""}",""
"","DEMOGR_12","DEMOGR","survey-multi-choice-vertical","15","42375","0.0-17.0-0.0","{""Q0"":""Indica el nivel de estudios de tu madre""}","3037","{""Q0"":"" Magíster o Doctorado incompleta""}",""
"","DEMOGR_13","DEMOGR","survey-multi-choice-vertical","16","44921","0.0-18.0-0.0","{""Q0"":""Indica el nivel de estudios de tu padre""}","2535","{""Q0"":"" Media completa""}",""
"","DEMOGR_14","DEMOGR","survey-multi-choice-vertical","17","47276","0.0-19.0-0.0","{""Q0"":""¿Qué tipo de seguro de salud tienes?""}","2349","{""Q0"":"" FONASA B""}",""
"","DEMOGR_15","DEMOGR","survey-multi-choice-horizontal","18","48975","0.0-20.0-0.0","{""Q0"":""¿Alguna vez has estado embarazada?""}","1688","{""Q0"":"" No""}",""
"","DEMOGR_16","DEMOGR","survey-multi-choice-horizontal","19","49880","0.0-21.0-0.0","{""Q0"":""¿Alguna vez has tenido un parto vaginal o cesarea?""}","902","{""Q0"":"" No""}",""
"","DEMOGR_17","DEMOGR","survey-multi-choice-horizontal","20","51023","0.0-22.0-0.0","{""Q0"":""¿Quieres tener hijos en el futuro?""}","1139","{""Q0"":"" No se""}",""
"","DEMOGR_18","DEMOGR","survey-text","21","52444","0.0-23.0-0.0","{""Q0"":""¿Cuántos hijos(as) te gustaría tener? (0, 1, 2, 3...)""}","1416","{""Q0"":""81""}",""
"","DEMOGR_19","DEMOGR","survey-multi-select","22","54013","0.0-24.0-0.0","{""Q0"":""Indica si alguna de las siguientes personas o grupos ha tenido una cesarea (puedes marcar más de una opción):""}","1562.1000000089407","{""Q0"":[""&nbsp;Madre"",""&nbsp;Hermanas"",""&nbsp;Amigas cercanas""]}","[0]"
