"success","trialid","procedure","trial_type","trial_index","time_elapsed","internal_node_id","stimulus","rt","response","question_order"
"true","Instructions_01","DEMOGR","fullscreen","5","5868","0.0-6.0-0.0","","","",""
"","DEMOGR_01","DEMOGR","survey-text","6","8864","0.0-7.0-0.0","{""Q0"":""Indica tu edad""}","2990","{""Q0"":""25""}",""
"","DEMOGR_02","DEMOGR","survey-multi-choice-vertical","7","11056","0.0-8.0-0.0","{""Q0"":""Indica tu género""}","2187","{""Q0"":"" Masculino""}",""
"","DEMOGR_03","DEMOGR","survey-html-form","8","12839","0.0-9.0-0.0","{""Q0"":""Indica tu correo electrónico personal(enviaremos la giftcard a este email cuando finalices las tareas)""}","1778.6000000089407","{""Q0"":""6Ka5pr7E@gmail.com""}",""
"","DEMOGR_05","DEMOGR","survey-multi-choice-vertical","9","14449","0.0-10.0-0.0","{""Q0"":""¿Tienes algún tipo de daltonismo?""}","1606","{""Q0"":"" Si""}",""
"","DEMOGR_06","DEMOGR","survey-html-form","10","30756","0.0-11.0-0.0","{""Q0"":""Elige del desplegable tu comuna de residencia.""}","16301","{""Q0"":""La Ligua""}",""
"","DEMOGR_07","DEMOGR","survey-multi-choice-vertical","11","33190","0.0-12.0-0.0","{""Q0"":""Indica tú nivel de estudios""}","2425","{""Q0"":"" Centro de Formación Técnica o en Instituto Profesional incompleta""}",""
"","DEMOGR_08","DEMOGR","survey-multi-choice-vertical","12","35015","0.0-13.0-0.0","{""Q0"":""¿Qué estas estudiando?""}","1821","{""Q0"":"" Humanidades y Ciencias Sociales""}",""
"","DEMOGR_10","DEMOGR","survey-multi-choice-vertical","13","36771","0.0-15.0-0.0","{""Q0"":""Año completado de tus estudios""}","1751","{""Q0"":"" Segundo""}",""
"","DEMOGR_11","DEMOGR","survey-html-form","14","41548","0.0-16.0-0.0","{""Q0"":""Elige del desplegable la institución educativa a la que asistes. En caso de que no aparezca, introduce el nombre.""}","4774.29999999702","{""Q0"":""Universidad Católica del Norte (UCN)""}",""
"","DEMOGR_12","DEMOGR","survey-multi-choice-vertical","15","44797","0.0-17.0-0.0","{""Q0"":""Indica el nivel de estudios de tu madre""}","3234","{""Q0"":"" Universidad incompleta""}",""
"","DEMOGR_13","DEMOGR","survey-multi-choice-vertical","16","47749","0.0-18.0-0.0","{""Q0"":""Indica el nivel de estudios de tu padre""}","2940","{""Q0"":"" Postgrado completa""}",""
"","DEMOGR_14","DEMOGR","survey-multi-choice-vertical","17","49272","0.0-19.0-0.0","{""Q0"":""¿Qué tipo de seguro de salud tienes?""}","1520","{""Q0"":"" Isapre""}",""
"","DEMOGR_15","DEMOGR","survey-multi-choice-horizontal","18","50331","0.0-20.0-0.0","{""Q0"":""¿Alguna vez has estado embarazada?""}","1056","{""Q0"":"" Si""}",""
"","DEMOGR_16","DEMOGR","survey-multi-choice-horizontal","19","51300","0.0-21.0-0.0","{""Q0"":""¿Alguna vez has tenido un parto vaginal o cesarea?""}","965","{""Q0"":"" Si""}",""
"","DEMOGR_17","DEMOGR","survey-multi-choice-horizontal","20","52432","0.0-22.0-0.0","{""Q0"":""¿Quieres tener hijos en el futuro?""}","1130","{""Q0"":"" No se""}",""
"","DEMOGR_18","DEMOGR","survey-text","21","53520","0.0-23.0-0.0","{""Q0"":""¿Cuántos hijos(as) te gustaría tener? (0, 1, 2, 3...)""}","1082","{""Q0"":""37""}",""
"","DEMOGR_19","DEMOGR","survey-multi-select","22","55483","0.0-24.0-0.0","{""Q0"":""Indica si alguna de las siguientes personas o grupos ha tenido una cesarea (puedes marcar más de una opción):""}","1958.2999999970198","{""Q0"":[""&nbsp;Amigas cercanas""]}","[0]"
