"success","trialid","procedure","trial_type","trial_index","time_elapsed","internal_node_id","stimulus","rt","response","question_order"
"true","Instructions_01","DEMOGR","fullscreen","5","4384","0.0-6.0-0.0","","","",""
"","DEMOGR_01","DEMOGR","survey-text","6","6081","0.0-7.0-0.0","{""Q0"":""Indica tu edad""}","1690","{""Q0"":""22""}",""
"","DEMOGR_02","DEMOGR","survey-multi-choice-vertical","7","7449","0.0-8.0-0.0","{""Q0"":""Indica tu género""}","1361","{""Q0"":"" Masculino""}",""
"","DEMOGR_03","DEMOGR","survey-html-form","8","8847","0.0-9.0-0.0","{""Q0"":""Indica tu correo electrónico personal(enviaremos la giftcard a este email cuando finalices las tareas)""}","1396.4000000059605","{""Q0"":""0NF7y2@gmail.com""}",""
"","DEMOGR_05","DEMOGR","survey-multi-choice-vertical","9","9961","0.0-10.0-0.0","{""Q0"":""¿Tienes algún tipo de daltonismo?""}","1110","{""Q0"":"" Si""}",""
"","DEMOGR_06","DEMOGR","survey-html-form","10","25747","0.0-11.0-0.0","{""Q0"":""Elige del desplegable tu comuna de residencia.""}","15782.800000011921","{""Q0"":""La Ligua""}",""
"","DEMOGR_07","DEMOGR","survey-multi-choice-vertical","11","28355","0.0-12.0-0.0","{""Q0"":""Indica tú nivel de estudios""}","2598","{""Q0"":"" Básica incompleta""}",""
"","DEMOGR_08","DEMOGR","survey-multi-choice-vertical","12","29741","0.0-13.0-0.0","{""Q0"":""¿Qué estas estudiando?""}","1382","{""Q0"":"" Ciencias / Ingeniería""}",""
"","DEMOGR_10","DEMOGR","survey-multi-choice-vertical","13","31173","0.0-15.0-0.0","{""Q0"":""Año completado de tus estudios""}","1428","{""Q0"":"" Cuarto""}",""
"","DEMOGR_11","DEMOGR","survey-html-form","14","35550","0.0-16.0-0.0","{""Q0"":""Elige del desplegable la institución educativa a la que asistes. En caso de que no aparezca, introduce el nombre.""}","4374.29999999702","{""Q0"":""Universidad Autónoma de Chile (UAS)""}",""
"","DEMOGR_12","DEMOGR","survey-multi-choice-vertical","15","37960","0.0-17.0-0.0","{""Q0"":""Indica el nivel de estudios de tu madre""}","2401","{""Q0"":"" Centro de Formación Técnica o en Instituto Profesional incompleta""}",""
"","DEMOGR_13","DEMOGR","survey-multi-choice-vertical","16","40349","0.0-18.0-0.0","{""Q0"":""Indica el nivel de estudios de tu padre""}","2377","{""Q0"":"" Media incompleta""}",""
"","DEMOGR_14","DEMOGR","survey-multi-choice-vertical","17","41638","0.0-19.0-0.0","{""Q0"":""¿Qué tipo de seguro de salud tienes?""}","1285","{""Q0"":"" FONASA D""}",""
"","DEMOGR_15","DEMOGR","survey-multi-choice-horizontal","18","42565","0.0-20.0-0.0","{""Q0"":""¿Alguna vez has estado embarazada?""}","924","{""Q0"":"" Si""}",""
"","DEMOGR_16","DEMOGR","survey-multi-choice-horizontal","19","43922","0.0-21.0-0.0","{""Q0"":""¿Alguna vez has tenido un parto vaginal o cesarea?""}","1354","{""Q0"":"" No""}",""
"","DEMOGR_17","DEMOGR","survey-multi-choice-horizontal","20","45252","0.0-22.0-0.0","{""Q0"":""¿Quieres tener hijos en el futuro?""}","1327","{""Q0"":"" Si""}",""
"","DEMOGR_18","DEMOGR","survey-text","21","46106","0.0-23.0-0.0","{""Q0"":""¿Cuántos hijos(as) te gustaría tener? (0, 1, 2, 3...)""}","850","{""Q0"":""49""}",""
"","DEMOGR_19","DEMOGR","survey-multi-select","22","47399","0.0-24.0-0.0","{""Q0"":""Indica si alguna de las siguientes personas o grupos ha tenido una cesarea (puedes marcar más de una opción):""}","1288.7999999970198","{""Q0"":[""&nbsp;Madre""]}","[0]"
