"success","trialid","procedure","trial_type","trial_index","time_elapsed","internal_node_id","stimulus","rt","response","question_order"
"true","Instructions_01","DEMOGR","fullscreen","5","5609","0.0-6.0-0.0","","","",""
"","DEMOGR_01","DEMOGR","survey-text","6","7096","0.0-7.0-0.0","{""Q0"":""Indica tu edad""}","1482","{""Q0"":""20""}",""
"","DEMOGR_02","DEMOGR","survey-multi-choice-vertical","7","9232","0.0-8.0-0.0","{""Q0"":""Indica tu género""}","2133","{""Q0"":"" No binario""}",""
"","DEMOGR_03","DEMOGR","survey-html-form","8","10930","0.0-9.0-0.0","{""Q0"":""Indica tu correo electrónico personal(enviaremos la giftcard a este email cuando finalices las tareas)""}","1692.5","{""Q0"":""s5k2r@gmail.com""}",""
"","DEMOGR_05","DEMOGR","survey-multi-choice-vertical","9","12565","0.0-10.0-0.0","{""Q0"":""¿Tienes algún tipo de daltonismo?""}","1628","{""Q0"":"" Si""}",""
"","DEMOGR_06","DEMOGR","survey-html-form","10","30213","0.0-11.0-0.0","{""Q0"":""Elige del desplegable tu comuna de residencia.""}","17640.10000000894","{""Q0"":""La Reina""}",""
"","DEMOGR_07","DEMOGR","survey-multi-choice-vertical","11","32647","0.0-12.0-0.0","{""Q0"":""Indica tú nivel de estudios""}","2423","{""Q0"":"" Sin educación formal""}",""
"","DEMOGR_08","DEMOGR","survey-multi-choice-vertical","12","34061","0.0-13.0-0.0","{""Q0"":""¿Qué estas estudiando?""}","1410","{""Q0"":"" Otro""}",""
"","DEMOGR_10","DEMOGR","survey-multi-choice-vertical","13","35812","0.0-15.0-0.0","{""Q0"":""Año completado de tus estudios""}","1745","{""Q0"":"" Iniciada""}",""
"","DEMOGR_11","DEMOGR","survey-html-form","14","39904","0.0-16.0-0.0","{""Q0"":""Elige del desplegable la institución educativa a la que asistes. En caso de que no aparezca, introduce el nombre.""}","4089","{""Q0"":""Academia Politécnica Militar""}",""
"","DEMOGR_12","DEMOGR","survey-multi-choice-vertical","15","43780","0.0-17.0-0.0","{""Q0"":""Indica el nivel de estudios de tu madre""}","3859","{""Q0"":"" Media completa""}",""
"","DEMOGR_13","DEMOGR","survey-multi-choice-vertical","16","46228","0.0-18.0-0.0","{""Q0"":""Indica el nivel de estudios de tu padre""}","2431","{""Q0"":"" Postgrado completa""}",""
"","DEMOGR_14","DEMOGR","survey-multi-choice-vertical","17","48311","0.0-19.0-0.0","{""Q0"":""¿Qué tipo de seguro de salud tienes?""}","2079","{""Q0"":"" Otros""}",""
"","DEMOGR_15","DEMOGR","survey-multi-choice-horizontal","18","49525","0.0-20.0-0.0","{""Q0"":""¿Alguna vez has estado embarazada?""}","1209","{""Q0"":"" No""}",""
"","DEMOGR_16","DEMOGR","survey-multi-choice-horizontal","19","50564","0.0-21.0-0.0","{""Q0"":""¿Alguna vez has tenido un parto vaginal o cesarea?""}","1037","{""Q0"":"" Si""}",""
"","DEMOGR_17","DEMOGR","survey-multi-choice-horizontal","20","51720","0.0-22.0-0.0","{""Q0"":""¿Quieres tener hijos en el futuro?""}","1154","{""Q0"":"" No""}",""
"","DEMOGR_18","DEMOGR","survey-text","21","52598","0.0-23.0-0.0","{""Q0"":""¿Cuántos hijos(as) te gustaría tener? (0, 1, 2, 3...)""}","873","{""Q0"":""57""}",""
"","DEMOGR_19","DEMOGR","survey-multi-select","22","53971","0.0-24.0-0.0","{""Q0"":""Indica si alguna de las siguientes personas o grupos ha tenido una cesarea (puedes marcar más de una opción):""}","1366.7999999970198","{""Q0"":[""&nbsp;Madre"",""&nbsp;Hermanas"",""&nbsp;Amigas cercanas""]}","[0]"
