"success","trialid","procedure","trial_type","trial_index","time_elapsed","internal_node_id","stimulus","rt","response","question_order"
"true","Instructions_01","DEMOGR","fullscreen","5","5570","0.0-6.0-0.0","","","",""
"","DEMOGR_01","DEMOGR","survey-text","6","8312","0.0-7.0-0.0","{""Q0"":""Indica tu edad""}","2737","{""Q0"":""31""}",""
"","DEMOGR_02","DEMOGR","survey-multi-choice-vertical","7","10413","0.0-8.0-0.0","{""Q0"":""Indica tu género""}","2095","{""Q0"":"" Femenino""}",""
"","DEMOGR_03","DEMOGR","survey-html-form","8","12002","0.0-9.0-0.0","{""Q0"":""Indica tu correo electrónico personal(enviaremos la giftcard a este email cuando finalices las tareas)""}","1585.2999999970198","{""Q0"":""uqWRL07gGD@gmail.com""}",""
"","DEMOGR_05","DEMOGR","survey-multi-choice-vertical","9","13813","0.0-10.0-0.0","{""Q0"":""¿Tienes algún tipo de daltonismo?""}","1804","{""Q0"":"" No""}",""
"","DEMOGR_06","DEMOGR","survey-html-form","10","30909","0.0-11.0-0.0","{""Q0"":""Elige del desplegable tu comuna de residencia.""}","17092.10000000894","{""Q0"":""Puente Alto""}",""
"","DEMOGR_07","DEMOGR","survey-multi-choice-vertical","11","33361","0.0-12.0-0.0","{""Q0"":""Indica tú nivel de estudios""}","2445","{""Q0"":"" Básica completa""}",""
"","DEMOGR_08","DEMOGR","survey-multi-choice-vertical","12","35062","0.0-13.0-0.0","{""Q0"":""¿Qué estas estudiando?""}","1697","{""Q0"":"" Negocios / Comercio""}",""
"","DEMOGR_10","DEMOGR","survey-multi-choice-vertical","13","37019","0.0-15.0-0.0","{""Q0"":""Año completado de tus estudios""}","1947","{""Q0"":"" Tercero""}",""
"","DEMOGR_11","DEMOGR","survey-html-form","14","41433","0.0-16.0-0.0","{""Q0"":""Elige del desplegable la institución educativa a la que asistes. En caso de que no aparezca, introduce el nombre.""}","4412","{""Q0"":""Universidad Metropolitana de Ciencias de la Educación""}",""
"","DEMOGR_12","DEMOGR","survey-multi-choice-vertical","15","44780","0.0-17.0-0.0","{""Q0"":""Indica el nivel de estudios de tu madre""}","3334","{""Q0"":"" Universidad completa""}",""
"","DEMOGR_13","DEMOGR","survey-multi-choice-vertical","16","47590","0.0-18.0-0.0","{""Q0"":""Indica el nivel de estudios de tu padre""}","2803","{""Q0"":"" Básica completa""}",""
"","DEMOGR_14","DEMOGR","survey-multi-choice-vertical","17","49247","0.0-19.0-0.0","{""Q0"":""¿Qué tipo de seguro de salud tienes?""}","1652","{""Q0"":"" FONASA D""}",""
"","DEMOGR_15","DEMOGR","survey-multi-choice-horizontal","18","50335","0.0-20.0-0.0","{""Q0"":""¿Alguna vez has estado embarazada?""}","1081","{""Q0"":"" No""}",""
"","DEMOGR_16","DEMOGR","survey-multi-choice-horizontal","19","51301","0.0-21.0-0.0","{""Q0"":""¿Alguna vez has tenido un parto vaginal o cesarea?""}","965","{""Q0"":"" No""}",""
"","DEMOGR_17","DEMOGR","survey-multi-choice-horizontal","20","52529","0.0-22.0-0.0","{""Q0"":""¿Quieres tener hijos en el futuro?""}","1221","{""Q0"":"" Si""}",""
"","DEMOGR_18","DEMOGR","survey-text","21","53564","0.0-23.0-0.0","{""Q0"":""¿Cuántos hijos(as) te gustaría tener? (0, 1, 2, 3...)""}","1032","{""Q0"":""52""}",""
"","DEMOGR_19","DEMOGR","survey-multi-select","22","55805","0.0-24.0-0.0","{""Q0"":""Indica si alguna de las siguientes personas o grupos ha tenido una cesarea (puedes marcar más de una opción):""}","2237.2999999970198","{""Q0"":[""&nbsp;Madre"",""&nbsp;Hermanas"",""&nbsp;Amigas cercanas""]}","[0]"
