"success","trialid","procedure","trial_type","trial_index","time_elapsed","internal_node_id","stimulus","rt","response","question_order"
"true","Instructions_01","DEMOGR","fullscreen","5","4912","0.0-6.0-0.0","","","",""
"","DEMOGR_01","DEMOGR","survey-text","6","7486","0.0-7.0-0.0","{""Q0"":""Indica tu edad""}","2567","{""Q0"":""33""}",""
"","DEMOGR_02","DEMOGR","survey-multi-choice-vertical","7","8756","0.0-8.0-0.0","{""Q0"":""Indica tu género""}","1265","{""Q0"":"" No binario""}",""
"","DEMOGR_03","DEMOGR","survey-html-form","8","9915","0.0-9.0-0.0","{""Q0"":""Indica tu correo electrónico personal(enviaremos la giftcard a este email cuando finalices las tareas)""}","1156.5","{""Q0"":""loZgO@gmail.com""}",""
"","DEMOGR_05","DEMOGR","survey-multi-choice-vertical","9","11108","0.0-10.0-0.0","{""Q0"":""¿Tienes algún tipo de daltonismo?""}","1190","{""Q0"":"" Si""}",""
"","DEMOGR_06","DEMOGR","survey-html-form","10","26447","0.0-11.0-0.0","{""Q0"":""Elige del desplegable tu comuna de residencia.""}","15336.59999999404","{""Q0"":""Laguna Blanca""}",""
"","DEMOGR_07","DEMOGR","survey-multi-choice-vertical","11","28816","0.0-12.0-0.0","{""Q0"":""Indica tú nivel de estudios""}","2355","{""Q0"":"" Universidad incompleta""}",""
"","DEMOGR_08","DEMOGR","survey-multi-choice-vertical","12","30529","0.0-13.0-0.0","{""Q0"":""¿Qué estas estudiando?""}","1710","{""Q0"":"" Humanidades y Ciencias Sociales""}",""
"","DEMOGR_10","DEMOGR","survey-multi-choice-vertical","13","31936","0.0-15.0-0.0","{""Q0"":""Año completado de tus estudios""}","1404","{""Q0"":"" Iniciada""}",""
"","DEMOGR_11","DEMOGR","survey-html-form","14","36039","0.0-16.0-0.0","{""Q0"":""Elige del desplegable la institución educativa a la que asistes. En caso de que no aparezca, introduce el nombre.""}","4100","{""Q0"":""Universidad de Los Andes (UANDES)""}",""
"","DEMOGR_12","DEMOGR","survey-multi-choice-vertical","15","38769","0.0-17.0-0.0","{""Q0"":""Indica el nivel de estudios de tu madre""}","2720","{""Q0"":"" Centro de Formación Técnica o en Instituto Profesional completa""}",""
"","DEMOGR_13","DEMOGR","survey-multi-choice-vertical","16","40849","0.0-18.0-0.0","{""Q0"":""Indica el nivel de estudios de tu padre""}","2074","{""Q0"":"" Postgrado incompleta""}",""
"","DEMOGR_14","DEMOGR","survey-multi-choice-vertical","17","42814","0.0-19.0-0.0","{""Q0"":""¿Qué tipo de seguro de salud tienes?""}","1961","{""Q0"":"" FONASA B""}",""
"","DEMOGR_15","DEMOGR","survey-multi-choice-horizontal","18","43860","0.0-20.0-0.0","{""Q0"":""¿Alguna vez has estado embarazada?""}","1040","{""Q0"":"" Si""}",""
"","DEMOGR_16","DEMOGR","survey-multi-choice-horizontal","19","44762","0.0-21.0-0.0","{""Q0"":""¿Alguna vez has tenido un parto vaginal o cesarea?""}","901","{""Q0"":"" Si""}",""
"","DEMOGR_17","DEMOGR","survey-multi-choice-horizontal","20","46125","0.0-22.0-0.0","{""Q0"":""¿Quieres tener hijos en el futuro?""}","1361","{""Q0"":"" No se""}",""
"","DEMOGR_18","DEMOGR","survey-text","21","47680","0.0-23.0-0.0","{""Q0"":""¿Cuántos hijos(as) te gustaría tener? (0, 1, 2, 3...)""}","1547","{""Q0"":""27""}",""
"","DEMOGR_19","DEMOGR","survey-multi-select","22","49563","0.0-24.0-0.0","{""Q0"":""Indica si alguna de las siguientes personas o grupos ha tenido una cesarea (puedes marcar más de una opción):""}","1878.5","{""Q0"":[""&nbsp;Madre""]}","[0]"
