"success","trialid","procedure","trial_type","trial_index","time_elapsed","internal_node_id","stimulus","rt","response","question_order"
"true","Instructions_01","DEMOGR","fullscreen","5","5397","0.0-6.0-0.0","","","",""
"","DEMOGR_01","DEMOGR","survey-text","6","7655","0.0-7.0-0.0","{""Q0"":""Indica tu edad""}","2250","{""Q0"":""20""}",""
"","DEMOGR_02","DEMOGR","survey-multi-choice-vertical","7","9084","0.0-8.0-0.0","{""Q0"":""Indica tu género""}","1425","{""Q0"":"" No binario""}",""
"","DEMOGR_03","DEMOGR","survey-html-form","8","10166","0.0-9.0-0.0","{""Q0"":""Indica tu correo electrónico personal(enviaremos la giftcard a este email cuando finalices las tareas)""}","1080","{""Q0"":""bje4KDe@gmail.com""}",""
"","DEMOGR_05","DEMOGR","survey-multi-choice-vertical","9","11119","0.0-10.0-0.0","{""Q0"":""¿Tienes algún tipo de daltonismo?""}","951","{""Q0"":"" No""}",""
"","DEMOGR_06","DEMOGR","survey-html-form","10","26282","0.0-11.0-0.0","{""Q0"":""Elige del desplegable tu comuna de residencia.""}","15159.79999999702","{""Q0"":""Quillota""}",""
"","DEMOGR_07","DEMOGR","survey-multi-choice-vertical","11","29209","0.0-12.0-0.0","{""Q0"":""Indica tú nivel de estudios""}","2918","{""Q0"":"" Universidad completa""}",""
"","DEMOGR_08","DEMOGR","survey-multi-choice-vertical","12","30942","0.0-13.0-0.0","{""Q0"":""¿Qué estas estudiando?""}","1723","{""Q0"":"" Humanidades y Ciencias Sociales""}",""
"","DEMOGR_10","DEMOGR","survey-multi-choice-vertical","13","32550","0.0-15.0-0.0","{""Q0"":""Año completado de tus estudios""}","1604","{""Q0"":"" Primero""}",""
"","DEMOGR_11","DEMOGR","survey-html-form","14","36136","0.0-16.0-0.0","{""Q0"":""Elige del desplegable la institución educativa a la que asistes. En caso de que no aparezca, introduce el nombre.""}","3583.4000000059605","{""Q0"":""Universidad Marítima de Chile""}",""
"","DEMOGR_12","DEMOGR","survey-multi-choice-vertical","15","39188","0.0-17.0-0.0","{""Q0"":""Indica el nivel de estudios de tu madre""}","3044","{""Q0"":"" Media incompleta""}",""
"","DEMOGR_13","DEMOGR","survey-multi-choice-vertical","16","41210","0.0-18.0-0.0","{""Q0"":""Indica el nivel de estudios de tu padre""}","2008","{""Q0"":"" Postgrado completa""}",""
"","DEMOGR_14","DEMOGR","survey-multi-choice-vertical","17","43385","0.0-19.0-0.0","{""Q0"":""¿Qué tipo de seguro de salud tienes?""}","2171","{""Q0"":"" FONASA C""}",""
"","DEMOGR_15","DEMOGR","survey-multi-choice-horizontal","18","44904","0.0-20.0-0.0","{""Q0"":""¿Alguna vez has estado embarazada?""}","1513","{""Q0"":"" Si""}",""
"","DEMOGR_16","DEMOGR","survey-multi-choice-horizontal","19","46484","0.0-21.0-0.0","{""Q0"":""¿Alguna vez has tenido un parto vaginal o cesarea?""}","1576","{""Q0"":"" No""}",""
"","DEMOGR_17","DEMOGR","survey-multi-choice-horizontal","20","48492","0.0-22.0-0.0","{""Q0"":""¿Quieres tener hijos en el futuro?""}","1993","{""Q0"":"" Si""}",""
"","DEMOGR_18","DEMOGR","survey-text","21","50104","0.0-23.0-0.0","{""Q0"":""¿Cuántos hijos(as) te gustaría tener? (0, 1, 2, 3...)""}","1603","{""Q0"":""48""}",""
"","DEMOGR_19","DEMOGR","survey-multi-select","22","51671","0.0-24.0-0.0","{""Q0"":""Indica si alguna de las siguientes personas o grupos ha tenido una cesarea (puedes marcar más de una opción):""}","1557.2999999970198","{""Q0"":[""&nbsp;Madre""]}","[0]"
