"success","trialid","procedure","trial_type","trial_index","time_elapsed","internal_node_id","stimulus","rt","response","question_order"
"true","Instructions_01","DEMOGR","fullscreen","5","5946","0.0-6.0-0.0","","","",""
"","DEMOGR_01","DEMOGR","survey-text","6","8816","0.0-7.0-0.0","{""Q0"":""Indica tu edad""}","2864","{""Q0"":""32""}",""
"","DEMOGR_02","DEMOGR","survey-multi-choice-vertical","7","10877","0.0-8.0-0.0","{""Q0"":""Indica tu género""}","2055","{""Q0"":"" Femenino""}",""
"","DEMOGR_03","DEMOGR","survey-html-form","8","12591","0.0-9.0-0.0","{""Q0"":""Indica tu correo electrónico personal(enviaremos la giftcard a este email cuando finalices las tareas)""}","1704.9000000059605","{""Q0"":""oj9xkqfOeJ@gmail.com""}",""
"","DEMOGR_05","DEMOGR","survey-multi-choice-vertical","9","14251","0.0-10.0-0.0","{""Q0"":""¿Tienes algún tipo de daltonismo?""}","1656","{""Q0"":"" Si""}",""
"","DEMOGR_06","DEMOGR","survey-html-form","10","31036","0.0-11.0-0.0","{""Q0"":""Elige del desplegable tu comuna de residencia.""}","16780.89999999106","{""Q0"":""Parral""}",""
"","DEMOGR_07","DEMOGR","survey-multi-choice-vertical","11","33504","0.0-12.0-0.0","{""Q0"":""Indica tú nivel de estudios""}","2460","{""Q0"":"" Sin educación formal""}",""
"","DEMOGR_08","DEMOGR","survey-multi-choice-vertical","12","35367","0.0-13.0-0.0","{""Q0"":""¿Qué estas estudiando?""}","1859","{""Q0"":"" Otro""}",""
"","DEMOGR_10","DEMOGR","survey-multi-choice-vertical","13","37179","0.0-15.0-0.0","{""Q0"":""Año completado de tus estudios""}","1807","{""Q0"":"" Cuarto""}",""
"","DEMOGR_11","DEMOGR","survey-html-form","14","41927","0.0-16.0-0.0","{""Q0"":""Elige del desplegable la institución educativa a la que asistes. En caso de que no aparezca, introduce el nombre.""}","4746.4000000059605","{""Q0"":""Universidad La República (ULARE)""}",""
"","DEMOGR_12","DEMOGR","survey-multi-choice-vertical","15","44918","0.0-17.0-0.0","{""Q0"":""Indica el nivel de estudios de tu madre""}","2976","{""Q0"":"" Sin educación formal""}",""
"","DEMOGR_13","DEMOGR","survey-multi-choice-vertical","16","47909","0.0-18.0-0.0","{""Q0"":""Indica el nivel de estudios de tu padre""}","2981","{""Q0"":"" Postgrado incompleta""}",""
"","DEMOGR_14","DEMOGR","survey-multi-choice-vertical","17","49393","0.0-19.0-0.0","{""Q0"":""¿Qué tipo de seguro de salud tienes?""}","1480","{""Q0"":"" FONASA C""}",""
"","DEMOGR_15","DEMOGR","survey-multi-choice-horizontal","18","50466","0.0-20.0-0.0","{""Q0"":""¿Alguna vez has estado embarazada?""}","1070","{""Q0"":"" No""}",""
"","DEMOGR_16","DEMOGR","survey-multi-choice-horizontal","19","51447","0.0-21.0-0.0","{""Q0"":""¿Alguna vez has tenido un parto vaginal o cesarea?""}","975","{""Q0"":"" Si""}",""
"","DEMOGR_17","DEMOGR","survey-multi-choice-horizontal","20","52686","0.0-22.0-0.0","{""Q0"":""¿Quieres tener hijos en el futuro?""}","1236","{""Q0"":"" No se""}",""
"","DEMOGR_18","DEMOGR","survey-text","21","53793","0.0-23.0-0.0","{""Q0"":""¿Cuántos hijos(as) te gustaría tener? (0, 1, 2, 3...)""}","1102","{""Q0"":""32""}",""
"","DEMOGR_19","DEMOGR","survey-multi-select","22","56017","0.0-24.0-0.0","{""Q0"":""Indica si alguna de las siguientes personas o grupos ha tenido una cesarea (puedes marcar más de una opción):""}","2218.7999999970198","{""Q0"":[""&nbsp;Madre"",""&nbsp;Hermanas""]}","[0]"
