"success","trialid","procedure","trial_type","trial_index","time_elapsed","internal_node_id","stimulus","rt","response","question_order"
"true","Instructions_01","DEMOGR","fullscreen","5","5670","0.0-6.0-0.0","","","",""
"","DEMOGR_01","DEMOGR","survey-text","6","7881","0.0-7.0-0.0","{""Q0"":""Indica tu edad""}","2201","{""Q0"":""36""}",""
"","DEMOGR_02","DEMOGR","survey-multi-choice-vertical","7","9334","0.0-8.0-0.0","{""Q0"":""Indica tu género""}","1448","{""Q0"":"" Masculino""}",""
"","DEMOGR_03","DEMOGR","survey-html-form","8","10491","0.0-9.0-0.0","{""Q0"":""Indica tu correo electrónico personal(enviaremos la giftcard a este email cuando finalices las tareas)""}","1155.5","{""Q0"":""YwU5TbzyLY@gmail.com""}",""
"","DEMOGR_05","DEMOGR","survey-multi-choice-vertical","9","11547","0.0-10.0-0.0","{""Q0"":""¿Tienes algún tipo de daltonismo?""}","1053","{""Q0"":"" Si""}",""
"","DEMOGR_06","DEMOGR","survey-html-form","10","26868","0.0-11.0-0.0","{""Q0"":""Elige del desplegable tu comuna de residencia.""}","15318.09999999404","{""Q0"":""Peumo""}",""
"","DEMOGR_07","DEMOGR","survey-multi-choice-vertical","11","29789","0.0-12.0-0.0","{""Q0"":""Indica tú nivel de estudios""}","2910","{""Q0"":"" Básica completa""}",""
"","DEMOGR_08","DEMOGR","survey-multi-choice-vertical","12","31570","0.0-13.0-0.0","{""Q0"":""¿Qué estas estudiando?""}","1774","{""Q0"":"" Ciencias de la salud""}",""
"","DEMOGR_10","DEMOGR","survey-multi-choice-vertical","13","33039","0.0-15.0-0.0","{""Q0"":""Año completado de tus estudios""}","1465","{""Q0"":"" Segundo""}",""
"","DEMOGR_11","DEMOGR","survey-html-form","14","36763","0.0-16.0-0.0","{""Q0"":""Elige del desplegable la institución educativa a la que asistes. En caso de que no aparezca, introduce el nombre.""}","3720.9000000059605","{""Q0"":""Universidad Bolivariana""}",""
"","DEMOGR_12","DEMOGR","survey-multi-choice-vertical","15","39702","0.0-17.0-0.0","{""Q0"":""Indica el nivel de estudios de tu madre""}","2933","{""Q0"":"" Básica completa""}",""
"","DEMOGR_13","DEMOGR","survey-multi-choice-vertical","16","41809","0.0-18.0-0.0","{""Q0"":""Indica el nivel de estudios de tu padre""}","2093","{""Q0"":"" Básica completa""}",""
"","DEMOGR_14","DEMOGR","survey-multi-choice-vertical","17","43815","0.0-19.0-0.0","{""Q0"":""¿Qué tipo de seguro de salud tienes?""}","2001","{""Q0"":"" FONASA B""}",""
"","DEMOGR_15","DEMOGR","survey-multi-choice-horizontal","18","45396","0.0-20.0-0.0","{""Q0"":""¿Alguna vez has estado embarazada?""}","1571","{""Q0"":"" No""}",""
"","DEMOGR_16","DEMOGR","survey-multi-choice-horizontal","19","46934","0.0-21.0-0.0","{""Q0"":""¿Alguna vez has tenido un parto vaginal o cesarea?""}","1534","{""Q0"":"" Si""}",""
"","DEMOGR_17","DEMOGR","survey-multi-choice-horizontal","20","48898","0.0-22.0-0.0","{""Q0"":""¿Quieres tener hijos en el futuro?""}","1958","{""Q0"":"" Si""}",""
"","DEMOGR_18","DEMOGR","survey-text","21","50468","0.0-23.0-0.0","{""Q0"":""¿Cuántos hijos(as) te gustaría tener? (0, 1, 2, 3...)""}","1563","{""Q0"":""76""}",""
"","DEMOGR_19","DEMOGR","survey-multi-select","22","52101","0.0-24.0-0.0","{""Q0"":""Indica si alguna de las siguientes personas o grupos ha tenido una cesarea (puedes marcar más de una opción):""}","1627.3999999910593","{""Q0"":[""&nbsp;Madre"",""&nbsp;Amigas cercanas""]}","[0]"
