"success","trialid","procedure","trial_type","trial_index","time_elapsed","internal_node_id","stimulus","rt","response","question_order"
"true","Instructions_01","DEMOGR","fullscreen","5","4869","0.0-6.0-0.0","","","",""
"","DEMOGR_01","DEMOGR","survey-text","6","7833","0.0-7.0-0.0","{""Q0"":""Indica tu edad""}","2957","{""Q0"":""26""}",""
"","DEMOGR_02","DEMOGR","survey-multi-choice-vertical","7","8937","0.0-8.0-0.0","{""Q0"":""Indica tu género""}","1099","{""Q0"":"" Femenino""}",""
"","DEMOGR_03","DEMOGR","survey-html-form","8","10551","0.0-9.0-0.0","{""Q0"":""Indica tu correo electrónico personal(enviaremos la giftcard a este email cuando finalices las tareas)""}","1611.5","{""Q0"":""sKDO40@gmail.com""}",""
"","DEMOGR_05","DEMOGR","survey-multi-choice-vertical","9","12225","0.0-10.0-0.0","{""Q0"":""¿Tienes algún tipo de daltonismo?""}","1670","{""Q0"":"" No""}",""
"","DEMOGR_06","DEMOGR","survey-html-form","10","31014","0.0-11.0-0.0","{""Q0"":""Elige del desplegable tu comuna de residencia.""}","18783.89999999106","{""Q0"":""Isla de Pascua""}",""
"","DEMOGR_07","DEMOGR","survey-multi-choice-vertical","11","33391","0.0-12.0-0.0","{""Q0"":""Indica tú nivel de estudios""}","2366","{""Q0"":"" Universidad incompleta""}",""
"","DEMOGR_08","DEMOGR","survey-multi-choice-vertical","12","34763","0.0-13.0-0.0","{""Q0"":""¿Qué estas estudiando?""}","1367","{""Q0"":"" Otro""}",""
"","DEMOGR_10","DEMOGR","survey-multi-choice-vertical","13","36178","0.0-15.0-0.0","{""Q0"":""Año completado de tus estudios""}","1412","{""Q0"":"" Primero""}",""
"","DEMOGR_11","DEMOGR","survey-html-form","14","40281","0.0-16.0-0.0","{""Q0"":""Elige del desplegable la institución educativa a la que asistes. En caso de que no aparezca, introduce el nombre.""}","4096.899999991059","{""Q0"":""Universidad de Arte y Cs. Sociales (UARCIS)""}",""
"","DEMOGR_12","DEMOGR","survey-multi-choice-vertical","15","43394","0.0-17.0-0.0","{""Q0"":""Indica el nivel de estudios de tu madre""}","3102","{""Q0"":"" Básica completa""}",""
"","DEMOGR_13","DEMOGR","survey-multi-choice-vertical","16","46794","0.0-18.0-0.0","{""Q0"":""Indica el nivel de estudios de tu padre""}","3385","{""Q0"":"" Universidad incompleta""}",""
"","DEMOGR_14","DEMOGR","survey-multi-choice-vertical","17","48315","0.0-19.0-0.0","{""Q0"":""¿Qué tipo de seguro de salud tienes?""}","1517","{""Q0"":"" FONASA B""}",""
"","DEMOGR_15","DEMOGR","survey-multi-choice-horizontal","18","49729","0.0-20.0-0.0","{""Q0"":""¿Alguna vez has estado embarazada?""}","1410","{""Q0"":"" Si""}",""
"","DEMOGR_16","DEMOGR","survey-multi-choice-horizontal","19","51136","0.0-21.0-0.0","{""Q0"":""¿Alguna vez has tenido un parto vaginal o cesarea?""}","1402","{""Q0"":"" Si""}",""
"","DEMOGR_17","DEMOGR","survey-multi-choice-horizontal","20","52304","0.0-22.0-0.0","{""Q0"":""¿Quieres tener hijos en el futuro?""}","1163","{""Q0"":"" No se""}",""
"","DEMOGR_18","DEMOGR","survey-text","21","53379","0.0-23.0-0.0","{""Q0"":""¿Cuántos hijos(as) te gustaría tener? (0, 1, 2, 3...)""}","1071","{""Q0"":""30""}",""
"","DEMOGR_19","DEMOGR","survey-multi-select","22","54573","0.0-24.0-0.0","{""Q0"":""Indica si alguna de las siguientes personas o grupos ha tenido una cesarea (puedes marcar más de una opción):""}","1190.7999999970198","{""Q0"":[""&nbsp;Madre"",""&nbsp;Amigas cercanas""]}","[0]"
