"view_history","rt","trialid","procedure","trial_type","trial_index","time_elapsed","internal_node_id","stimulus","slider_start","response"
"[{""page_index"":0,""viewing_time"":871}]","871","Instructions_01","SBS","instructions","24","52553","0.0-27.0-0.0","","",""
"","1050.1000000089407","SBS_01","SBS","html-slider-response","25","53605","0.0-28.0-0.0","<div class='justified'>1. Existe un Dios todopoderoso, omnisciente y amoroso.</div></br>","0","2"
"","900.6000000089407","SBS_02","SBS","html-slider-response","26","54506","0.0-29.0-0.0","<div class='justified'>2. Existe un ser espiritual espiritual maligno, a quien podríamos llamar el Diablo.</div></br>","0","0"
"","809.7000000029802","SBS_03","SBS","html-slider-response","27","55317","0.0-30.0-0.0","<div class='justified'>3. Existen buenos seres espirituales personales, a quienes podríamos llamar ángeles.</div></br>","0","1"
"","920.2999999970198","SBS_04","SBS","html-slider-response","28","56239","0.0-31.0-0.0","<div class='justified'>4. Existen seres espirituales personales malvados, a quienes podríamos llamar demonios.</div></br>","0","-2"
"","799.2999999970198","SBS_05","SBS","html-slider-response","29","57039","0.0-32.0-0.0","<div class='justified'>5. Los seres humanos tienen almas inmateriales e inmortales.</div></br>","0","-3"
"","848.9000000059605","SBS_06","SBS","html-slider-response","30","57889","0.0-33.0-0.0","<div class='justified'>6. Hay un reino espiritual además del físico.</div></br>","0","-4"
"","892.4000000059605","SBS_07","SBS","html-slider-response","31","58783","0.0-34.0-0.0","<div class='justified'>7. Algunas personas irán al cielo cuando mueran.</div></br>","0","-1"
"","784.7999999970198","SBS_08","SBS","html-slider-response","32","59569","0.0-35.0-0.0","<div class='justified'>8. Algunas personas irán al infierno cuando mueran.</div></br>","0","-4"
"","736.6000000089407","SBS_09","SBS","html-slider-response","33","60306","0.0-36.0-0.0","<div class='justified'>9. Los milagros, eventos divinamente causados que no tienen una explicación natural, pueden suceder y lo hacen.</div></br>","0","-4"
"","765.9000000059605","SBS_10","SBS","html-slider-response","34","61074","0.0-37.0-0.0","<div class='justified'>10. Hay individuos que son mensajeros de Dios y / o pueden prever el futuro.</div></br>","0","-2"
