"success","trialid","procedure","trial_type","trial_index","time_elapsed","internal_node_id","stimulus","rt","response","question_order"
"true","Instructions_01","DEMOGR","fullscreen","5","5981","0.0-6.0-0.0","","","",""
"","DEMOGR_01","DEMOGR","survey-text","6","8763","0.0-7.0-0.0","{""Q0"":""Indica tu edad""}","2776","{""Q0"":""20""}",""
"","DEMOGR_02","DEMOGR","survey-multi-choice-vertical","7","10818","0.0-8.0-0.0","{""Q0"":""Indica tu género""}","2048","{""Q0"":"" Masculino""}",""
"","DEMOGR_03","DEMOGR","survey-html-form","8","12386","0.0-9.0-0.0","{""Q0"":""Indica tu correo electrónico personal(enviaremos la giftcard a este email cuando finalices las tareas)""}","1564.8999999910593","{""Q0"":""sEEqH@gmail.com""}",""
"","DEMOGR_05","DEMOGR","survey-multi-choice-vertical","9","14213","0.0-10.0-0.0","{""Q0"":""¿Tienes algún tipo de daltonismo?""}","1824","{""Q0"":"" No""}",""
"","DEMOGR_06","DEMOGR","survey-html-form","10","30927","0.0-11.0-0.0","{""Q0"":""Elige del desplegable tu comuna de residencia.""}","16706.09999999404","{""Q0"":""Peñaflor""}",""
"","DEMOGR_07","DEMOGR","survey-multi-choice-vertical","11","33439","0.0-12.0-0.0","{""Q0"":""Indica tú nivel de estudios""}","2506","{""Q0"":"" Magíster o Doctorado incompleta""}",""
"","DEMOGR_08","DEMOGR","survey-multi-choice-vertical","12","34943","0.0-13.0-0.0","{""Q0"":""¿Qué estas estudiando?""}","1500","{""Q0"":"" Negocios / Comercio""}",""
"","DEMOGR_10","DEMOGR","survey-multi-choice-vertical","13","37069","0.0-15.0-0.0","{""Q0"":""Año completado de tus estudios""}","2122","{""Q0"":"" Segundo""}",""
"","DEMOGR_11","DEMOGR","survey-html-form","14","41289","0.0-16.0-0.0","{""Q0"":""Elige del desplegable la institución educativa a la que asistes. En caso de que no aparezca, introduce el nombre.""}","4216.0999999940395","{""Q0"":""Universidad Diego Portales (UDP)""}",""
"","DEMOGR_12","DEMOGR","survey-multi-choice-vertical","15","44853","0.0-17.0-0.0","{""Q0"":""Indica el nivel de estudios de tu madre""}","3550","{""Q0"":"" Postgrado incompleta""}",""
"","DEMOGR_13","DEMOGR","survey-multi-choice-vertical","16","47659","0.0-18.0-0.0","{""Q0"":""Indica el nivel de estudios de tu padre""}","2797","{""Q0"":"" Media incompleta""}",""
"","DEMOGR_14","DEMOGR","survey-multi-choice-vertical","17","49315","0.0-19.0-0.0","{""Q0"":""¿Qué tipo de seguro de salud tienes?""}","1645","{""Q0"":"" FONASA A""}",""
"","DEMOGR_15","DEMOGR","survey-multi-choice-horizontal","18","50432","0.0-20.0-0.0","{""Q0"":""¿Alguna vez has estado embarazada?""}","1112","{""Q0"":"" Si""}",""
"","DEMOGR_16","DEMOGR","survey-multi-choice-horizontal","19","51521","0.0-21.0-0.0","{""Q0"":""¿Alguna vez has tenido un parto vaginal o cesarea?""}","1083","{""Q0"":"" No""}",""
"","DEMOGR_17","DEMOGR","survey-multi-choice-horizontal","20","52628","0.0-22.0-0.0","{""Q0"":""¿Quieres tener hijos en el futuro?""}","1104","{""Q0"":"" Si""}",""
"","DEMOGR_18","DEMOGR","survey-text","21","53642","0.0-23.0-0.0","{""Q0"":""¿Cuántos hijos(as) te gustaría tener? (0, 1, 2, 3...)""}","1010","{""Q0"":""44""}",""
"","DEMOGR_19","DEMOGR","survey-multi-select","22","55422","0.0-24.0-0.0","{""Q0"":""Indica si alguna de las siguientes personas o grupos ha tenido una cesarea (puedes marcar más de una opción):""}","1776","{""Q0"":[""&nbsp;Madre"",""&nbsp;Hermanas"",""&nbsp;Amigas cercanas""]}","[0]"
